SET NOCOUNT ON;
GO

DROP TABLE IF EXISTS [saida];
DROP TABLE IF EXISTS [entrada];
DROP TABLE IF EXISTS [oficina];
DROP TABLE IF EXISTS [armazem];
DROP TABLE IF EXISTS [concessionario];
DROP TABLE IF EXISTS [vinculo_profissional];
DROP TABLE IF EXISTS [trabalhador];
DROP TABLE IF EXISTS [cargo];
DROP TABLE IF EXISTS [produto];
DROP TABLE IF EXISTS [marca];
DROP TABLE IF EXISTS [subcategoria];
DROP TABLE IF EXISTS [categoria];
DROP TABLE IF EXISTS [fornecedor];
DROP TABLE IF EXISTS [subcategoria_fornecedor];
DROP TABLE IF EXISTS [categoria_fornecedor];
DROP TABLE IF EXISTS [freguesia];
DROP TABLE IF EXISTS [concelho];
DROP TABLE IF EXISTS [distrito];
DROP TABLE IF EXISTS [pais];
GO

CREATE TABLE [pais] ([id] integer PRIMARY KEY, [nome] nvarchar(255), [codigo] nvarchar(10));
GO
CREATE TABLE [distrito] ([id] integer PRIMARY KEY, [nome] nvarchar(255));
GO
CREATE TABLE [concelho] ([id] integer PRIMARY KEY, [nome] nvarchar(255), [id_distrito] integer NOT NULL);
GO
CREATE TABLE [freguesia] ([id] integer PRIMARY KEY, [nome] nvarchar(255), [id_concelho] integer NOT NULL);
GO
CREATE TABLE [marca] ([id] integer PRIMARY KEY, [nome] nvarchar(255));
GO
CREATE TABLE [categoria] ([id] integer PRIMARY KEY, [nome] nvarchar(255));
GO
CREATE TABLE [subcategoria] ([id] integer PRIMARY KEY, [nome] nvarchar(255), [id_categoria] integer NOT NULL);
GO
CREATE TABLE [produto] ([id] integer PRIMARY KEY, [nome] nvarchar(255), [SKU] nvarchar(255) UNIQUE NOT NULL, [UPC] nvarchar(255) UNIQUE NOT NULL, [id_marca] integer NOT NULL, [id_subcategoria] integer NOT NULL, [preco_unitario] decimal(10,2) NOT NULL);
GO
CREATE TABLE [categoria_fornecedor] ([id] integer PRIMARY KEY, [nome] nvarchar(255));
GO
CREATE TABLE [subcategoria_fornecedor] ([id] integer PRIMARY KEY, [nome] nvarchar(255), [id_categoria_fornecedor] integer NOT NULL);
GO
CREATE TABLE [fornecedor] ([id] integer PRIMARY KEY, [nome] nvarchar(255), [id_subcategoria_fornecedor] integer NOT NULL, [ativo] bit NOT NULL, [email] nvarchar(255), [telefone] nvarchar(20), [morada] nvarchar(255), [codigo_postal] nvarchar(10), [id_freguesia] integer NOT NULL, [id_pais] integer NOT NULL, [nif] nvarchar(20) NOT NULL UNIQUE);
GO
CREATE TABLE [cargo] ([id] integer PRIMARY KEY, [nome] nvarchar(255), [categoria_profissional] nvarchar(255), [cargo_de_chefia] bit);
GO
CREATE TABLE [trabalhador] ([id] integer PRIMARY KEY, [numero_trabalhador] nvarchar(255) UNIQUE, [genero] char(5), [nome_completo] nvarchar(255), [cartao_cidadao] nvarchar(20), [nif] nvarchar(20) UNIQUE NOT NULL, [niss] nvarchar(20) UNIQUE NOT NULL, [autorizacao_de_residencia] nvarchar(20), [morada] nvarchar(255), [codigo_postal] nvarchar(10), [id_freguesia] integer NOT NULL, [id_pais_nacionalidade] integer NOT NULL, [id_pais_naturalidade] integer NOT NULL, [telefone] nvarchar(20) UNIQUE, [email_pessoal] nvarchar(255) UNIQUE, [email_profissional] nvarchar(255) UNIQUE);
GO
CREATE TABLE [vinculo_profissional] ([id] integer PRIMARY KEY, [id_trabalhador] integer NOT NULL, [id_cargo] integer NOT NULL, [data_de_inicio] datetime2(0), [data_de_fim] datetime2(0), [ativo] bit);
GO
CREATE TABLE [concessionario] ([id] integer PRIMARY KEY, [nome] nvarchar(255), [telefone] nvarchar(20), [email] nvarchar(255), [morada] nvarchar(255), [codigo_postal] nvarchar(10), [id_freguesia] integer NOT NULL, [area_total] decimal(10,2), [id_responsavel] integer NOT NULL, [nif] nvarchar(20) NOT NULL UNIQUE);
GO
CREATE TABLE [armazem] ([id] integer PRIMARY KEY, [nome] varchar(225), [id_concessionario] integer NOT NULL, [area_total] decimal(10,2), [id_responsavel] integer NOT NULL);
GO
CREATE TABLE [oficina] ([id] integer PRIMARY KEY, [nome] nvarchar(255), [id_concessionario] integer NOT NULL, [area_total] decimal(10,2), [id_responsavel] integer NOT NULL);
GO
CREATE TABLE [entrada] ([id] integer PRIMARY KEY, [id_produto] integer NOT NULL, [id_trabalhador] integer NOT NULL, [id_fornecedor] integer NOT NULL, [id_armazem] integer NOT NULL, [data_hora] datetime2(0), [quantidade] integer, [identificador_documento] nvarchar(255));
GO
CREATE TABLE [saida] ([id] integer PRIMARY KEY, [id_produto] integer NOT NULL, [id_trabalhador] integer NOT NULL, [id_armazem] integer NOT NULL, [data_hora] datetime2(0), [tipo_saida] nvarchar(255), [quantidade] integer, [identificador_documento] nvarchar(255));
GO

ALTER TABLE [concelho] ADD FOREIGN KEY ([id_distrito]) REFERENCES [distrito] ([id]);
ALTER TABLE [freguesia] ADD FOREIGN KEY ([id_concelho]) REFERENCES [concelho] ([id]);
ALTER TABLE [produto] ADD FOREIGN KEY ([id_marca]) REFERENCES [marca] ([id]);
ALTER TABLE [produto] ADD FOREIGN KEY ([id_subcategoria]) REFERENCES [subcategoria] ([id]);
ALTER TABLE [subcategoria] ADD FOREIGN KEY ([id_categoria]) REFERENCES [categoria] ([id]);
ALTER TABLE [subcategoria_fornecedor] ADD FOREIGN KEY ([id_categoria_fornecedor]) REFERENCES [categoria_fornecedor] ([id]);
ALTER TABLE [fornecedor] ADD FOREIGN KEY ([id_freguesia]) REFERENCES [freguesia] ([id]);
ALTER TABLE [fornecedor] ADD FOREIGN KEY ([id_pais]) REFERENCES [pais] ([id]);
ALTER TABLE [fornecedor] ADD FOREIGN KEY ([id_subcategoria_fornecedor]) REFERENCES [subcategoria_fornecedor] ([id]);
ALTER TABLE [trabalhador] ADD FOREIGN KEY ([id_freguesia]) REFERENCES [freguesia] ([id]);
ALTER TABLE [trabalhador] ADD FOREIGN KEY ([id_pais_nacionalidade]) REFERENCES [pais] ([id]);
ALTER TABLE [trabalhador] ADD FOREIGN KEY ([id_pais_naturalidade]) REFERENCES [pais] ([id]);
ALTER TABLE [vinculo_profissional] ADD FOREIGN KEY ([id_trabalhador]) REFERENCES [trabalhador] ([id]);
ALTER TABLE [vinculo_profissional] ADD FOREIGN KEY ([id_cargo]) REFERENCES [cargo] ([id]);
ALTER TABLE [concessionario] ADD FOREIGN KEY ([id_freguesia]) REFERENCES [freguesia] ([id]);
ALTER TABLE [concessionario] ADD FOREIGN KEY ([id_responsavel]) REFERENCES [trabalhador] ([id]);
ALTER TABLE [armazem] ADD FOREIGN KEY ([id_concessionario]) REFERENCES [concessionario] ([id]);
ALTER TABLE [armazem] ADD FOREIGN KEY ([id_responsavel]) REFERENCES [trabalhador] ([id]);
ALTER TABLE [oficina] ADD FOREIGN KEY ([id_concessionario]) REFERENCES [concessionario] ([id]);
ALTER TABLE [entrada] ADD FOREIGN KEY ([id_produto]) REFERENCES [produto] ([id]);
ALTER TABLE [entrada] ADD FOREIGN KEY ([id_trabalhador]) REFERENCES [trabalhador] ([id]);
ALTER TABLE [entrada] ADD FOREIGN KEY ([id_fornecedor]) REFERENCES [fornecedor] ([id]);
ALTER TABLE [entrada] ADD FOREIGN KEY ([id_armazem]) REFERENCES [armazem] ([id]);
ALTER TABLE [saida] ADD FOREIGN KEY ([id_produto]) REFERENCES [produto] ([id]);
ALTER TABLE [saida] ADD FOREIGN KEY ([id_trabalhador]) REFERENCES [trabalhador] ([id]);
ALTER TABLE [saida] ADD FOREIGN KEY ([id_armazem]) REFERENCES [armazem] ([id]);
GO

-- ============================================================
-- DADOS ADAPTADOS AO NOVO SCHEMA
-- ============================================================

INSERT INTO [pais] (id, nome, codigo) VALUES
(1, 'Portugal', 'PT'),
(2, 'Alemanha', 'DE'),
(3, 'Japão', 'JP'),
(4, 'França', 'FR'),
(5, 'Itália', 'IT'),
(6, 'Espanha', 'ES'),
(7, 'Reino Unido', 'GB'),
(8, 'Brasil', 'BR'),
(9, 'Coreia do Sul', 'KR'),
(10, 'Estados Unidos', 'US');
GO

INSERT INTO [distrito] (id, nome) VALUES
(1, 'Lisboa'),
(2, 'Porto'),
(3, 'Setúbal'),
(4, 'Braga'),
(5, 'Aveiro'),
(6, 'Coimbra'),
(7, 'Faro'),
(8, 'Leiria'),
(9, 'Santarém'),
(10, 'Viseu');
GO

INSERT INTO [concelho] (id, nome, id_distrito) VALUES
(1, 'Lisboa', 1),
(2, 'Sintra', 1),
(3, 'Loures', 1),
(4, 'Oeiras', 1),
(5, 'Cascais', 1),
(6, 'Amadora', 1),
(7, 'Porto', 2),
(8, 'Gaia', 2),
(9, 'Matosinhos', 2),
(10, 'Maia', 2),
(11, 'Almada', 3),
(12, 'Setúbal', 3),
(13, 'Seixal', 3),
(14, 'Braga', 4),
(15, 'Guimarães', 4),
(16, 'Aveiro', 5),
(17, 'Coimbra', 6),
(18, 'Faro', 7),
(19, 'Leiria', 8),
(20, 'Santarém', 9);
GO

INSERT INTO [freguesia] (id, nome, id_concelho) VALUES
(1, 'Santa Maria Maior', 1),
(2, 'Misericórdia', 1),
(3, 'Santo António', 1),
(4, 'Campolide', 1),
(5, 'Benfica', 1),
(6, 'Lumiar', 1),
(7, 'Marvila', 1),
(8, 'Beato', 1),
(9, 'Queluz', 2),
(10, 'Agualva', 2),
(11, 'Cacem', 2),
(12, 'Rio de Mouro', 2),
(13, 'Sacavém', 3),
(14, 'Loures', 3),
(15, 'Oeiras', 4),
(16, 'Barcarena', 4),
(17, 'Cascais', 5),
(18, 'Estoril', 5),
(19, 'Amadora', 6),
(20, 'Alfragide', 6),
(21, 'Bonfim', 7),
(22, 'Campanhã', 7),
(23, 'Cedofeita', 7),
(24, 'Ramalde', 7),
(25, 'Mafamude', 8),
(26, 'Avintes', 8),
(27, 'Matosinhos', 9),
(28, 'Leça da Palmeira', 9),
(29, 'Maia', 10),
(30, 'Vermoim', 10),
(31, 'Almada', 11),
(32, 'Cacilhas', 11),
(33, 'Setúbal', 12),
(34, 'Seixal', 13),
(35, 'Braga', 14),
(36, 'Maximinos', 14),
(37, 'Guimarães', 15),
(38, 'Aveiro', 16),
(39, 'Coimbra', 17),
(40, 'Faro', 18);
GO

INSERT INTO [categoria] (id, nome) VALUES
(1, 'Motor'),
(2, 'Travões'),
(3, 'Suspensão'),
(4, 'Elétrica'),
(5, 'Interior');
GO

INSERT INTO [subcategoria] (id, nome, id_categoria) VALUES
(1, 'Filtros', 1),
(2, 'Pistões', 1),
(3, 'Discos', 2),
(4, 'Pastilhas', 2),
(5, 'Amortecedores', 3),
(6, 'Molas', 3),
(7, 'Bateria', 4),
(8, 'Sensores', 4),
(9, 'Bancos', 5),
(10, 'Volante', 5);
GO

INSERT INTO [marca] (id, nome) VALUES
(1, 'Bosch'),
(2, 'Valeo'),
(3, 'NGK'),
(4, 'Brembo'),
(5, 'Continental');
GO

INSERT INTO [categoria_fornecedor] (id, nome) VALUES
(1, 'Importador'),
(2, 'Peças e Acessórios'),
(3, 'Carroçaria e Pintura'),
(4, 'Equipamentos'),
(5, 'Tecnologia'),
(6, 'Detalhamento'),
(7, 'Serviços Financeiros'),
(8, 'Energia'),
(9, 'Marketing'),
(10, 'Logística');
GO

INSERT INTO [subcategoria_fornecedor] (id, nome, id_categoria_fornecedor) VALUES
(1, 'Viaturas Novas', 1),
(2, 'Viaturas Premium', 1),
(3, 'Viaturas Comerciais', 1),
(4, 'Viaturas Japonesas', 1),
(5, 'Viaturas Coreanas', 1),
(6, 'Peças Originais', 2),
(7, 'Lubrificantes e Óleos', 2),
(8, 'Lubrificantes', 2),
(9, 'Pneus', 2),
(10, 'Componentes Elétricos', 2),
(11, 'Peças Multimarca', 2),
(12, 'Filtros e Consumíveis', 2),
(13, 'Tintas e Vernizes', 3),
(14, 'Tintas Automóvel', 3),
(15, 'Materiais de Carroçaria', 3),
(16, 'Equipamento de Oficina', 4),
(17, 'Ferramentas Profissionais', 4),
(18, 'Equipamentos de Travões', 4),
(19, 'Software DMS', 5),
(20, 'Equipamento de Diagnóstico', 5),
(21, 'Produtos de Limpeza Auto', 6),
(22, 'Produtos de Detailing', 6),
(23, 'Crédito Automóvel', 7),
(24, 'Seguros Automóvel', 7),
(25, 'Combustíveis e Elétrico', 8),
(26, 'Publicidade Automóvel', 9),
(27, 'Marketing Digital', 9),
(28, 'Transporte de Viaturas', 10),
(29, 'Reboque e Recuperação', 10);
GO

INSERT INTO [fornecedor] (id, nome, id_subcategoria_fornecedor, ativo, email, telefone, morada, codigo_postal, id_freguesia, id_pais, nif) VALUES
(1, 'AutoImport Portugal SA', 1, 1, 'stock@autoimport.pt', 210100001, 'Av. da Europa, 15', '2700-157', 9, 1, '500000001'),
(2, 'PremiumCar Importações Lda.', 2, 1, 'comercial@premiumcar.pt', 210100002, 'Av. do Atlântico, 44', '1990-106', 7, 1, '500000002'),
(3, 'IberMotor - Distribuição SA', 3, 1, 'geral@ibermotor.pt', 210100003, 'Zona Industrial de Alfragide', '2610-016', 20, 1, '500000003'),
(4, 'NipponAuto Portugal', 4, 1, 'orders@niponauto.pt', 210100004, 'Rua Quinta da Fonte, 35', '2780-730', 15, 3, '500000004'),
(5, 'KoreanDrive Lda.', 5, 1, 'stock@koreandrive.pt', 210100005, 'Av. Marechal Craveiro Lopes, 6', '1700-284', 6, 9, '500000005'),
(6, 'BoschAuto Peças Portugal', 6, 1, 'pecas@boschauto.pt', 220200001, 'Rua das Industrias, 12', '2660-321', 13, 2, '500000006'),
(7, 'Castrol Lubrificantes Portugal', 7, 1, 'logistica@castrol.pt', 220200002, 'Av. Fontes Pereira de Melo, 19', '1050-115', 3, 7, '500000007'),
(8, 'TotalEnergies Lubrificantes', 8, 1, 'vendas@totalenergies.pt', 220200003, 'Rua Dom Luís I, 8', '1200-149', 2, 4, '500000008'),
(9, 'Continental Pneus SA', 9, 1, 'pneus@continental.pt', 220200004, 'Zona Industrial da Maia, L.15', '4470-177', 29, 2, '500000009'),
(10, 'Michelin Portugal Lda.', 9, 1, 'distribuidora@michelin.pt', 220200005, 'Av. Sidónio Pais, 14', '1050-214', 3, 4, '500000010'),
(11, 'Magneti Marelli Peças Lda.', 10, 1, 'pecas@magnetimarelli.pt', 220200006, 'Rua do Progresso, 55', '4480-788', 29, 5, '500000011'),
(12, 'AutoPeças Nacionais SA', 11, 1, 'stock@autopecas.pt', 220200007, 'Zona Industrial de Aveiro, L.3', '3800-055', 38, 1, '500000012'),
(13, 'JLM Aditivos e Filtros', 12, 1, 'comercial@jlmaditivos.pt', 220200008, 'Rua das Flores, 22', '4000-225', 21, 1, '500000013'),
(14, 'PPG Tintas Automóvel Portugal', 13, 1, 'tintas@ppg.pt', 230300001, 'Rua da Indústria, 7', '2860-595', 34, 10, '500000014'),
(15, 'Glasurit Portugal Lda.', 14, 1, 'vendas@glasurit.pt', 230300002, 'Av. António Sérgio, 33', '2800-106', 32, 2, '500000015'),
(16, 'IberBodywork Produtos SA', 15, 1, 'info@iberbodywork.pt', 230300003, 'Zona Ind. de Setúbal, Lote 4', '2910-742', 33, 1, '500000016'),
(17, 'AutoEquip Portugal SA', 16, 1, 'equipamentos@autoequip.pt', 240400001, 'Av. Marechal Gomes da Costa, 5', '1800-255', 8, 1, '500000017'),
(18, 'Snap-on Tools Portugal', 17, 1, 'tools@snapon.pt', 240400002, 'Rua da Tecnologia, 9', '2740-262', 9, 10, '500000018'),
(19, 'BrakeTech Equipamentos Lda.', 18, 1, 'info@braketech.pt', 240400003, 'Rua do Comércio Industrial, 18', '2620-159', 13, 1, '500000019'),
(20, 'DealerSoft Solutions Portugal', 19, 1, 'suporte@dealersoft.pt', 250500001, 'Rua Engenheiro Ferreira Dias, 2', '4100-246', 23, 1, '500000020'),
(21, 'AutoScan Diagnósticos SA', 20, 1, 'vendas@autoscan.pt', 250500002, 'Rua António Patrício, 5', '4100-064', 23, 1, '500000021'),
(22, 'Turtle Wax Distribuição', 21, 1, 'vendas@turtlewax.pt', 260600001, 'Av. Infante D. Henrique, 32', '1950-421', 7, 7, '500000022'),
(23, 'ValetPro Portugal Lda.', 22, 1, 'info@valetpro.pt', 260600002, 'Rua da Imprensa Nacional, 1', '1250-127', 2, 1, '500000023'),
(24, 'AutoFinance Soluções SA', 23, 1, 'parcerias@autofinance.pt', 270700001, 'Av. da Liberdade, 110', '1250-146', 3, 1, '500000024'),
(25, 'Fidelidade Seguros Auto', 24, 1, 'frota@fidelidade.pt', 270700002, 'Largo do Marquês de Pombal, 2', '1250-160', 3, 1, '500000025'),
(26, 'GALP Energia - Conta Frota', 25, 1, 'frotas@galp.pt', 280800001, 'Rua Tomás da Fonseca, Torre G', '1600-209', 5, 1, '500000026'),
(27, 'AutoMedia Publicidade Lda.', 26, 1, 'comercial@automedia.pt', 290900001, 'Rua Prior do Crato, 15', '1070-005', 4, 1, '500000027'),
(28, 'Drive360 Marketing Digital', 27, 1, 'hello@drive360.pt', 290900002, 'Av. Fontes Pereira de Melo, 48', '1069-101', 3, 1, '500000028'),
(29, 'TransAuto Logística SA', 28, 1, 'operacoes@transauto.pt', 291000001, 'Estrada Nacional 10, Km 12', '2830-527', 34, 1, '500000029'),
(30, 'AutoCar Reboque e Assistência', 29, 0, 'info@autocar.pt', 291000002, 'Av. Almirante Gago Coutinho, 7', '1700-030', 6, 1, '500000030');
GO

INSERT INTO [cargo] (id, nome, categoria_profissional, cargo_de_chefia) VALUES
(1, 'Diretor Geral', 'Direção', 1),
(2, 'Diretor Comercial', 'Comercial', 1),
(3, 'Diretor Financeiro', 'Financeiro', 1),
(4, 'Diretor de After-Sales', 'Pós-Venda', 1),
(5, 'Diretor de Recursos Humanos', 'Recursos Humanos', 1),
(6, 'Chefe de Vendas', 'Comercial', 1),
(7, 'Chefe de Oficina', 'Pós-Venda', 1),
(8, 'Chefe de Peças', 'Peças e Acessórios', 1),
(9, 'Consultor de Vendas Novos', 'Comercial', 0),
(10, 'Consultor de Vendas Usados', 'Comercial', 0),
(11, 'Gestor de Frota', 'Comercial', 0),
(12, 'Técnico Mecânico', 'Pós-Venda', 0),
(13, 'Técnico Eletricista Automóvel', 'Pós-Venda', 0),
(14, 'Técnico de Carroçaria/Pintura', 'Pós-Venda', 0),
(15, 'Rececionista de Oficina', 'Pós-Venda', 0),
(16, 'Gestor de Peças e Acessórios', 'Peças e Acessórios', 0),
(17, 'Assistente Administrativo', 'Administrativo', 0),
(18, 'Técnico de Contabilidade', 'Financeiro', 0),
(19, 'Gestor de Stocks', 'Logística', 0),
(20, 'Preparador de Viaturas', 'Logística', 0);
GO

INSERT INTO [trabalhador] (id, numero_trabalhador, genero, nome_completo, cartao_cidadao, nif, niss, autorizacao_de_residencia, morada, codigo_postal, id_freguesia, id_pais_nacionalidade, id_pais_naturalidade, telefone, email_pessoal, email_profissional) VALUES
(1, 'TRB0001', 'M', 'Rui Manuel Fonseca Monteiro', '12345601 0 ZZ4', '231456781', 10123456701, NULL, 'Av. da Liberdade, 210, 3º Esq.', '1250-147', 3, 1, 1, 912000001, 'rui.monteiro@gmail.com', 'r.monteiro@concessionario.pt'),
(2, 'TRB0002', 'F', 'Margarida Isabel Sousa Cardoso', '12345602 0 ZZ4', '231456782', 10123456702, NULL, 'Rua Castilho, 44, 2º Dto.', '1250-069', 3, 1, 1, 912000002, 'margarida.cardoso@gmail.com', 'm.cardoso@concessionario.pt'),
(3, 'TRB0003', 'M', 'Fernando Jorge Alves Pinheiro', '12345603 0 ZZ4', '231456783', 10123456703, NULL, 'Av. Duque de Ávila, 18, 4º', '1000-141', 1, 1, 1, 912000003, 'fernando.pinheiro@gmail.com', 'f.pinheiro@concessionario.pt'),
(4, 'TRB0004', 'F', 'Ana Cristina Lopes Tavares', '12345604 0 ZZ4', '231456784', 10123456704, NULL, 'Rua Marquês de Fronteira, 5, 1º', '1070-296', 4, 1, 1, 912000004, 'ana.tavares@gmail.com', 'a.tavares@concessionario.pt'),
(5, 'TRB0005', 'M', 'Carlos Eduardo Reis Magalhães', '12345605 0 ZZ4', '231456785', 10123456705, NULL, 'Av. Columbano Bordalo Pinheiro, 7', '1070-062', 4, 1, 1, 912000005, 'carlos.magalhaes@gmail.com', 'c.magalhaes@concessionario.pt'),
(6, 'TRB0006', 'M', 'Pedro Filipe Correia Vasconcelos', '12345606 0 ZZ4', '231456786', 10123456706, NULL, 'Rua Braancamp, 9, 2º', '1250-049', 3, 1, 1, 912000006, 'pedro.vasconcelos@gmail.com', 'p.vasconcelos@concessionario.pt'),
(7, 'TRB0007', 'F', 'Sofia Alexandra Neves Brandão', '12345607 0 ZZ4', '231456787', 10123456707, NULL, 'Rua Barata Salgueiro, 33, 3º', '1269-059', 3, 1, 1, 912000007, 'sofia.brandao@gmail.com', 's.brandao@concessionario.pt'),
(8, 'TRB0008', 'M', 'Jorge Henrique Teles Barbosa', '12345608 0 ZZ4', '231456788', 10123456708, NULL, 'Rua do Sol ao Rato, 15', '1250-261', 2, 1, 1, 912000008, 'jorge.barbosa@gmail.com', 'j.barbosa@concessionario.pt'),
(9, 'TRB0009', 'M', 'Sérgio Augusto Figueiredo Lima', '12345609 0 ZZ4', '231456789', 10123456709, NULL, 'Rua da Escola Politécnica, 20', '1250-101', 2, 1, 1, 912000009, 'sergio.lima@gmail.com', 's.lima@concessionario.pt'),
(10, 'TRB0010', 'F', 'Bárbara Filomena Cunha Esteves', '12345610 0 ZZ4', '231456790', 10123456710, NULL, 'Rua Artilharia Um, 57', '1070-020', 4, 1, 1, 912000010, 'barbara.esteves@gmail.com', 'b.esteves@concessionario.pt'),
(11, 'TRB0011', 'M', 'Miguel Ângelo Pereira Rodrigues', '12345611 0 ZZ4', '231456791', 10123456711, NULL, 'Av. 5 de Outubro, 72, 1º', '1050-060', 1, 1, 1, 912000011, 'miguel.rodrigues@gmail.com', 'mi.rodrigues@concessionario.pt'),
(12, 'TRB0012', 'F', 'Joana Patrícia Morais Santos', '12345612 0 ZZ4', '231456792', 10123456712, NULL, 'Rua Sampaio e Pina, 11', '1070-249', 4, 1, 1, 912000012, 'joana.santos@gmail.com', 'j.santos@concessionario.pt'),
(13, 'TRB0013', 'M', 'Diogo Alexandre Ferreira Gomes', '12345613 0 ZZ4', '231456793', 10123456713, NULL, 'Rua Luciano Cordeiro, 8, 2º', '1150-216', 1, 1, 1, 912000013, 'diogo.gomes@gmail.com', 'd.gomes@concessionario.pt'),
(14, 'TRB0014', 'F', 'Andreia Vanessa Costa Oliveira', '12345614 0 ZZ4', '231456794', 10123456714, NULL, 'Av. António Augusto de Aguiar, 31', '1050-012', 3, 1, 1, 912000014, 'andreia.oliveira@gmail.com', 'an.oliveira@concessionario.pt'),
(15, 'TRB0015', 'M', 'Tiago Rui Mendes Carvalho', '12345615 0 ZZ4', '231456795', 10123456715, NULL, 'Rua de São Filipe Nery, 4', '1200-081', 2, 1, 1, 912000015, 'tiago.carvalho@gmail.com', 't.carvalho@concessionario.pt'),
(16, 'TRB0016', 'F', 'Catarina Luísa Pinto Soares', '12345616 0 ZZ4', '231456796', 10123456716, NULL, 'Rua da Emenda, 18', '1200-169', 2, 1, 1, 912000016, 'catarina.soares@gmail.com', 'ca.soares@concessionario.pt'),
(17, 'TRB0017', 'M', 'Ricardo Emanuel Azevedo Nunes', '12345617 0 ZZ4', '231456797', 10123456717, NULL, 'Rua da Horta Seca, 6', '1200-220', 2, 1, 1, 912000017, 'ricardo.nunes@gmail.com', 'r.nunes@concessionario.pt'),
(18, 'TRB0018', 'F', 'Inês Mariana Ribeiro Leal', '12345618 0 ZZ4', '231456798', 10123456718, NULL, 'Rua do Século, 43', '1200-433', 2, 1, 1, 912000018, 'ines.leal@gmail.com', 'i.leal@concessionario.pt'),
(19, 'TRB0019', 'M', 'Luís Gonçalo Teixeira Alves', '12345619 0 ZZ4', '231456799', 10123456719, NULL, 'Rua da Imprensa Nacional, 12', '1250-127', 2, 1, 1, 912000019, 'luis.alves@gmail.com', 'l.alves@concessionario.pt'),
(20, 'TRB0020', 'F', 'Marta Susana Freitas Rocha', '12345620 0 ZZ4', '231456800', 10123456720, NULL, 'Rua do Patrocínio, 22', '1350-230', 2, 1, 1, 912000020, 'marta.rocha@gmail.com', 'm.rocha@concessionario.pt'),
(21, 'TRB0021', 'M', 'Nuno Pedro Castro Marques', '12345621 0 ZZ4', '231456801', 10123456721, NULL, 'Tv. da Boa Hora, 5', '1300-088', 1, 1, 1, 912000021, 'nuno.marques@gmail.com', 'n.marques@concessionario.pt'),
(22, 'TRB0022', 'F', 'Filipa Beatriz Moura Pires', '12345622 0 ZZ4', '231456802', 10123456722, NULL, 'Rua do Almada, 99', '1200-007', 2, 1, 1, 912000022, 'filipa.pires@gmail.com', 'fi.pires@concessionario.pt'),
(23, 'TRB0023', 'M', 'Gonçalo Sérgio Matos Duarte', '12345623 0 ZZ4', '231456803', 10123456723, NULL, 'Av. Álvares Cabral, 41', '1250-018', 3, 1, 1, 912000023, 'goncalo.duarte@gmail.com', 'g.duarte@concessionario.pt'),
(24, 'TRB0024', 'F', 'Helena Cristina Vieira Paiva', '12345624 0 ZZ4', '231456804', 10123456724, NULL, 'Rua do Sacramento, 7', '1200-394', 2, 1, 1, 912000024, 'helena.paiva@gmail.com', 'h.paiva@concessionario.pt'),
(25, 'TRB0025', 'M', 'João Paulo Monteiro Rodrigues', '12345625 0 ZZ4', '231456805', 10123456725, NULL, 'Av. Fontes Pereira de Melo, 22', '1050-118', 3, 1, 1, 912000025, 'joao.rodrigues@gmail.com', 'jo.rodrigues@concessionario.pt'),
(26, 'TRB0026', 'F', 'Vera Lúcia Cardoso Antunes', '12345626 0 ZZ4', '231456806', 10123456726, NULL, 'Rua Barata Salgueiro, 47', '1269-059', 3, 1, 1, 912000026, 'vera.antunes@gmail.com', 'v.antunes@concessionario.pt'),
(27, 'TRB0027', 'M', 'Armando José Nogueira Cruz', '12345627 0 ZZ4', '231456807', 10123456727, NULL, 'Rua Palmira, 10', '1170-296', 7, 1, 1, 912000027, 'armando.cruz@gmail.com', 'ar.cruz@concessionario.pt'),
(28, 'TRB0028', 'M', 'Bruno Filipe Sequeira Batista', '12345628 0 ZZ4', '231456808', 10123456728, NULL, 'Rua Caminhos de Ferro, 3', '1900-136', 8, 1, 1, 912000028, 'bruno.batista@gmail.com', 'br.batista@concessionario.pt'),
(29, 'TRB0029', 'M', 'Domingos António Raposo Coelho', '12345629 0 ZZ4', '231456809', 10123456729, NULL, 'Rua da Madre de Deus, 7', '1900-394', 8, 1, 1, 912000029, 'domingos.coelho@gmail.com', 'do.coelho@concessionario.pt'),
(30, 'TRB0030', 'M', 'Emanuel Rui Faria Nascimento', '12345630 0 ZZ4', '231456810', 10123456730, NULL, 'Rua dos Lagares, 14', '1170-204', 7, 1, 1, 912000030, 'emanuel.nascimento@gmail.com', 'em.nascimento@concessionario.pt'),
(31, 'TRB0031', 'M', 'Fábio Alexandre Lopes Guerreiro', '12345631 0 ZZ4', '231456811', 10123456731, NULL, 'Av. Marvila, 55', '1950-229', 7, 1, 1, 912000031, 'fabio.guerreiro@gmail.com', 'fa.guerreiro@concessionario.pt'),
(32, 'TRB0032', 'M', 'Hélder Paulo Tavares Mendonça', '12345632 0 ZZ4', '231456812', 10123456732, NULL, 'Rua Capitão Leitão, 4', '1900-211', 8, 1, 1, 912000032, 'helder.mendonca@gmail.com', 'he.mendonca@concessionario.pt'),
(33, 'TRB0033', 'M', 'Ivo Miguel Ramos Pedrosa', '12345633 0 ZZ4', '231456813', 10123456733, NULL, 'Rua Elias Garcia, 30', '1000-149', 1, 1, 1, 912000033, 'ivo.pedrosa@gmail.com', 'iv.pedrosa@concessionario.pt'),
(34, 'TRB0034', 'M', 'Joaquim Eduardo Borges Simão', '12345634 0 ZZ4', '231456814', 10123456734, NULL, 'Rua Capitão Renato Baptista, 2', '1900-116', 8, 1, 1, 912000034, 'joaquim.simao@gmail.com', 'jq.simao@concessionario.pt'),
(35, 'TRB0035', 'M', 'Leandro Vítor Teles Abreu', '12345635 0 ZZ4', '231456815', 10123456735, NULL, 'Rua Gualdim Pais, 18', '1170-166', 7, 1, 1, 912000035, 'leandro.abreu@gmail.com', 'le.abreu@concessionario.pt'),
(36, 'TRB0036', 'M', 'Márcio Renato Valente Graça', '12345636 0 ZZ4', '231456816', 10123456736, NULL, 'Rua do Açúcar, 22', '1950-006', 7, 1, 1, 912000036, 'marcio.graca@gmail.com', 'ma.graca@concessionario.pt'),
(37, 'TRB0037', 'M', 'Paulo Sérgio Cunha Ribeiro', '12345637 0 ZZ4', '231456817', 10123456737, NULL, 'Rua Prior do Crato, 8', '1070-005', 4, 1, 1, 912000037, 'paulo.ribeiro@gmail.com', 'pa.ribeiro@concessionario.pt'),
(38, 'TRB0038', 'M', 'Rodrigo Afonso Machado Pinto', '12345638 0 ZZ4', '231456838', 10123456738, NULL, 'Rua Saraiva de Carvalho, 17', '1250-241', 2, 1, 1, 912000038, 'rodrigo.pinto@gmail.com', 'ro.pinto@concessionario.pt'),
(39, 'TRB0039', 'M', 'Sandro Luís Delgado Neto', '12345639 0 ZZ4', '231456819', 10123456739, NULL, 'Rua das Fontaínhas, 3', '1170-133', 7, 1, 1, 912000039, 'sandro.neto@gmail.com', 'sa.neto@concessionario.pt'),
(40, 'TRB0040', 'M', 'Válter Hugo Pinheiro Castro', '12345640 0 ZZ4', '231456820', 10123456740, NULL, 'Av. Infante D. Henrique, 9', '1950-421', 7, 1, 1, 912000040, 'valter.castro@gmail.com', 'va.castro@concessionario.pt'),
(41, 'TRB0041', 'M', 'Alexandre Jorge Prata Ferreira', '12345641 0 ZZ4', '231456821', 10123456741, NULL, 'Rua D. Luís I, 23', '1200-149', 2, 1, 1, 912000041, 'alexandre.ferreira@gmail.com', 'al.ferreira@concessionario.pt'),
(42, 'TRB0042', 'M', 'Bernardo Luís Esteves Fonseca', '12345642 0 ZZ4', '231456822', 10123456742, NULL, 'Rua Actor Isidoro, 5', '1170-003', 7, 1, 1, 912000042, 'bernardo.fonseca@gmail.com', 'be.fonseca@concessionario.pt'),
(43, 'TRB0043', 'M', 'Cláudio Martins Araujo Bastos', '12345643 0 ZZ4', '231456823', 10123456743, NULL, 'Rua do Grilo, 9', '1950-152', 7, 1, 1, 912000043, 'claudio.bastos@gmail.com', 'cl.bastos@concessionario.pt'),
(44, 'TRB0044', 'M', 'Dário Tomás Moreira Alves', '12345644 0 ZZ4', '231456824', 10123456744, NULL, 'Tv. do Grilo, 3', '1950-155', 7, 1, 1, 912000044, 'dario.alves@gmail.com', 'da.alves@concessionario.pt'),
(45, 'TRB0045', 'M', 'Élcio Marcos Barreiros Silva', '12345645 0 ZZ4', '231456825', 10123456745, NULL, 'Rua Augusto Gil, 12', '1170-043', 7, 1, 1, 912000045, 'elcio.silva@gmail.com', 'el.silva@concessionario.pt'),
(46, 'TRB0046', 'M', 'Flávio Renato Santos Mota', '12345646 0 ZZ4', '231456826', 10123456746, NULL, 'Av. Marvila, 122', '1950-232', 7, 1, 1, 912000046, 'flavio.mota@gmail.com', 'fl.mota@concessionario.pt'),
(47, 'TRB0047', 'M', 'Gualter José Trindade Lima', '12345647 0 ZZ4', '231456827', 10123456747, NULL, 'Rua do Lumiar, 88', '1750-163', 6, 1, 1, 912000047, 'gualter.lima@gmail.com', 'gu.lima@concessionario.pt'),
(48, 'TRB0048', 'M', 'Henrique Paulo Melo Correia', '12345648 0 ZZ4', '231456828', 10123456748, NULL, 'Estrada do Lumiar, 23', '1750-152', 6, 1, 1, 912000048, 'henrique.correia@gmail.com', 'he.correia@concessionario.pt'),
(49, 'TRB0049', 'M', 'Ilídio Manuel Brandão Ramos', '12345649 0 ZZ4', '231456829', 10123456749, NULL, 'Rua Maria Amália Vaz de Carvalho', '1600-537', 5, 1, 1, 912000049, 'ilidio.ramos@gmail.com', 'il.ramos@concessionario.pt'),
(50, 'TRB0050', 'M', 'Jacinto Vítor Caetano Bentes', '12345650 0 ZZ4', '231456830', 10123456750, NULL, 'Rua Brito Aranha, 14', '1600-069', 5, 1, 1, 912000050, 'jacinto.bentes@gmail.com', 'ja.bentes@concessionario.pt'),
(51, 'TRB0051', 'M', 'Kiko Daniel Vilaça Moura', '12345651 0 ZZ4', '231456831', 10123456751, NULL, 'Av. Lusíada, 17', '1500-437', 5, 1, 1, 912000051, 'kiko.moura@gmail.com', 'ki.moura@concessionario.pt'),
(52, 'TRB0052', 'M', 'Lino Gustavo Salgado Freitas', '12345652 0 ZZ4', '231456832', 10123456752, NULL, 'Rua Jau, 18', '1300-314', 1, 1, 1, 912000052, 'lino.freitas@gmail.com', 'li.freitas@concessionario.pt'),
(53, 'TRB0053', 'F', 'Marisa Daniela Baptista Lopes', '12345653 0 ZZ4', '231456833', 10123456753, NULL, 'Rua do Passeio Alegre, 5', '1400-282', 1, 1, 1, 912000053, 'marisa.lopes@gmail.com', 'ms.lopes@concessionario.pt'),
(54, 'TRB0054', 'F', 'Neuza Sónia Valadas Costa', '12345654 0 ZZ4', '231456834', 10123456754, NULL, 'Rua da Junqueira, 65', '1300-336', 1, 1, 1, 912000054, 'neuza.costa@gmail.com', 'ne.costa@concessionario.pt'),
(55, 'TRB0055', 'F', 'Olinda Felícia Resende Fontes', '12345655 0 ZZ4', '231456835', 10123456755, NULL, 'Av. da Índia, 3', '1400-203', 1, 1, 1, 912000055, 'olinda.fontes@gmail.com', 'ol.fontes@concessionario.pt'),
(56, 'TRB0056', 'F', 'Patrícia Eduarda Serrano Campos', '12345656 0 ZZ4', '231456836', 10123456756, NULL, 'Rua Bartolomeu Dias, 22', '1400-030', 1, 1, 1, 912000056, 'patricia.campos@gmail.com', 'pt.campos@concessionario.pt'),
(57, 'TRB0057', 'M', 'Quintino Gaspar Rebelo Maia', '12345657 0 ZZ4', '231456837', 10123456757, NULL, 'Rua Nova do Loureiro, 6', '1200-302', 2, 1, 1, 912000057, 'quintino.maia@gmail.com', 'qu.maia@concessionario.pt'),
(58, 'TRB0058', 'F', 'Renata Filipa Nobre Pacheco', '12345658 0 ZZ4', '230000058', 10123456758, NULL, 'Rua dos Caetanos, 14', '1200-079', 2, 1, 1, 912000058, 'renata.pacheco@gmail.com', 'rn.pacheco@concessionario.pt'),
(59, 'TRB0059', 'M', 'Silvestre António Godinho Paulo', '12345659 0 ZZ4', '231456839', 10123456759, NULL, 'Rua do Bonjardim, 3', '1000-061', 1, 1, 1, 912000059, 'silvestre.paulo@gmail.com', 'si.paulo@concessionario.pt'),
(60, 'TRB0060', 'F', 'Telma Raquel Quaresma Belo', '12345660 0 ZZ4', '231456840', 10123456760, NULL, 'Rua Garrett, 40', '1200-204', 2, 1, 1, 912000060, 'telma.belo@gmail.com', 'te.belo@concessionario.pt'),
(61, 'TRB0061', 'F', 'Ursa Margarida Veiga Madeira', '12345661 0 ZZ4', '231456841', 10123456761, NULL, 'Rua Ivens, 7', '1200-226', 2, 1, 1, 912000061, 'ursa.madeira@gmail.com', 'ur.madeira@concessionario.pt'),
(62, 'TRB0062', 'F', 'Vanda Esperança Figueira Dias', '12345662 0 ZZ4', '231456842', 10123456762, NULL, 'Rua do Norte, 14', '1200-288', 2, 1, 1, 912000062, 'vanda.dias@gmail.com', 'va.dias@concessionario.pt'),
(63, 'TRB0063', 'M', 'Wanderlei Bruno Cordeiro Ramos', '12345663 0 ZZ4', '231456843', 10123456763, NULL, 'Rua da Rosa, 25', '1200-385', 2, 1, 1, 912000063, 'wanderlei.ramos@gmail.com', 'wa.ramos@concessionario.pt'),
(64, 'TRB0064', 'F', 'Xánia Beatriz Pereira Moreira', '12345664 0 ZZ4', '231456844', 10123456764, NULL, 'Rua da Bica Duarte Belo, 5', '1200-055', 2, 1, 1, 912000064, 'xania.moreira@gmail.com', 'xa.moreira@concessionario.pt'),
(65, 'TRB0065', 'F', 'Yara Constança Leão Teles', '12345665 0 ZZ4', '231456845', 10123456765, NULL, 'Rua do Diário de Notícias, 10', '1200-142', 2, 1, 1, 912000065, 'yara.teles@gmail.com', 'ya.teles@concessionario.pt'),
(66, 'TRB0066', 'F', 'Zélia Glória Macedo Gonçalves', '12345666 0 ZZ4', '231456846', 10123456766, NULL, 'Rua de São Paulo, 58', '1200-428', 2, 1, 1, 912000066, 'zelia.goncalves@gmail.com', 'ze.goncalves@concessionario.pt'),
(67, 'TRB0067', 'M', 'Afonso Tomás Varela Nunes', '12345667 0 ZZ4', '231456847', 10123456767, NULL, 'Rua das Gáveas, 7', '1200-207', 2, 1, 1, 912000067, 'afonso.nunes@gmail.com', 'af.nunes@concessionario.pt'),
(68, 'TRB0068', 'F', 'Beatriz Leonor Pinto Sequeira', '12345668 0 ZZ4', '231456848', 10123456768, NULL, 'Rua de São Bento, 5', '1200-821', 2, 1, 1, 912000068, 'beatriz.sequeira@gmail.com', 'bt.sequeira@concessionario.pt'),
(69, 'TRB0069', 'F', 'Cláudia Helena Saraiva Costa', '12345669 0 ZZ4', '231456849', 10123456769, NULL, 'Rua Nova de São Mamede, 9', '1250-294', 3, 1, 1, 912000069, 'claudia.costa@gmail.com', 'cd.costa@concessionario.pt'),
(70, 'TRB0070', 'M', 'Delfim Rui Gouveia Matos', '12345670 0 ZZ4', '231456850', 10123456770, NULL, 'Av. Elias Garcia, 33', '1000-149', 1, 1, 1, 912000070, 'delfim.matos@gmail.com', 'de.matos@concessionario.pt'),
(71, 'TRB0071', 'F', 'Eugénia Cláudia Faria Rosa', '12345671 0 ZZ4', '231456851', 10123456771, NULL, 'Rua Visconde de Santarém, 25', '1000-311', 1, 1, 1, 912000071, 'eugenia.rosa@gmail.com', 'eu.rosa@concessionario.pt'),
(72, 'TRB0072', 'M', 'Franklim Dário Abreu Rodrigues', '12345672 0 ZZ4', '231456852', 10123456772, NULL, 'Rua do Vale Formoso, 12', '1950-276', 7, 1, 1, 912000072, 'franklim.rodrigues@gmail.com', 'fr.rodrigues@concessionario.pt'),
(73, 'TRB0073', 'M', 'Gilberto Marcos Teixeira Melo', '12345673 0 ZZ4', '231456853', 10123456773, NULL, 'Rua do Grilo, 44', '1950-152', 7, 1, 1, 912000073, 'gilberto.melo@gmail.com', 'gi.melo@concessionario.pt'),
(74, 'TRB0074', 'M', 'Horácio Simão Valente Cunha', '12345674 0 ZZ4', '231456854', 10123456774, NULL, 'Rua do Açúcar, 8', '1950-006', 7, 1, 1, 912000074, 'horacio.cunha@gmail.com', 'ho.cunha@concessionario.pt'),
(75, 'TRB0075', 'M', 'Ivan Luís Monteiro Paiva', '12345675 0 ZZ4', '231456855', 10123456775, NULL, 'Tv. da Fábrica dos Pentes, 2', '1950-175', 7, 1, 1, 912000075, 'ivan.paiva@gmail.com', 'iv.paiva@concessionario.pt'),
(76, 'TRB0076', 'F', 'Jéssica Carina Tavares Lobo', '12345676 0 ZZ4', '231456856', 10123456776, NULL, 'Rua Fernando Palha, 3', '1950-131', 7, 1, 1, 912000076, 'jessica.lobo@gmail.com', 'je.lobo@concessionario.pt'),
(77, 'TRB0077', 'M', 'Kelvin Arnaldo Pinto Siqueira', '12345677 0 ZZ4', '231456857', 10123456777, NULL, 'Av. da Marvila, 200', '1950-240', 7, 8, 1, 912000077, 'kelvin.siqueira@gmail.com', 'ke.siqueira@concessionario.pt'),
(78, 'TRB0078', 'M', 'Leonel Augusto Fonseca Rocha', '12345678 0 ZZ4', '231456858', 10123456778, NULL, 'Rua Cabo Borges, 6', '1900-103', 8, 1, 1, 912000078, 'leonel.rocha@gmail.com', 'le.rocha@concessionario.pt'),
(79, 'TRB0079', 'F', 'Manuela Graça Ferreira Bento', '12345679 0 ZZ4', '231456859', 10123456779, NULL, 'Rua Figueira da Foz, 10', '1900-216', 8, 1, 1, 912000079, 'manuela.bento@gmail.com', 'mn.bento@concessionario.pt'),
(80, 'TRB0080', 'M', 'Nelson Rui Vaz Esteves', '12345680 0 ZZ4', '231456860', 10123456780, NULL, 'Rua Luís de Camões, 5', '1900-236', 8, 1, 1, 912000080, 'nelson.esteves@gmail.com', 'ne.esteves@concessionario.pt'),
(81, 'TRB0081', 'F', 'Olga Conceição Neves Marques', '12345681 0 ZZ4', '231456861', 10123456781, NULL, 'Rua de Santa Catarina, 100', '4000-450', 21, 1, 1, 912000081, 'olga.marques@gmail.com', 'ol.marques@concessionario.pt'),
(82, 'TRB0082', 'M', 'Palmiro Ernesto Gomes Braga', '12345682 0 ZZ4', '231456862', 10123456782, NULL, 'Rua do Bonjardim, 200', '4000-121', 21, 1, 1, 912000082, 'palmiro.braga@gmail.com', 'pa.braga@concessionario.pt'),
(83, 'TRB0083', 'M', 'Quirino Estêvão Santos Lima', '12345683 0 ZZ4', '231456863', 10123456783, NULL, 'Rua de Cedofeita, 48', '4050-180', 23, 1, 1, 912000083, 'quirino.lima@gmail.com', 'qi.lima@concessionario.pt'),
(84, 'TRB0084', 'M', 'Renato Marco Abreu Pinto', '12345684 0 ZZ4', '231456864', 10123456784, NULL, 'Rua Formosa, 15', '4000-247', 21, 1, 1, 912000084, 'renato.pinto@gmail.com', 're.pinto@concessionario.pt'),
(85, 'TRB0085', 'M', 'Sílvia Conceição Teles Dias', '12345685 0 ZZ4', '231456865', 10123456785, NULL, 'Rua Passos Manuel, 77', '4000-382', 22, 1, 1, 912000085, 'silvia.dias@gmail.com', 'sl.dias@concessionario.pt'),
(86, 'TRB0086', 'M', 'Tobias Rui Correia Matos', '12345686 0 ZZ4', '231456866', 10123456786, NULL, 'Rua da Viela, 3', '4000-558', 22, 1, 1, 912000086, 'tobias.matos@gmail.com', 'to.matos@concessionario.pt'),
(87, 'TRB0087', 'M', 'Ulrich Alfredo Barbosa Neto', '12345687 0 ZZ4', '231456867', 10123456787, NULL, 'Tv. do Anjo, 2', '4000-046', 21, 1, 1, 912000087, 'ulrich.neto@gmail.com', 'ul.neto@concessionario.pt'),
(88, 'TRB0088', 'F', 'Vânia Esperança Brás Leal', '12345688 0 ZZ4', '231456868', 10123456788, NULL, 'Rua Nova da Alfândega, 4', '4050-430', 23, 1, 1, 912000088, 'vania.leal@gmail.com', 'vn.leal@concessionario.pt'),
(89, 'TRB0089', 'M', 'Walter César Figueiredo Costa', '12345689 0 ZZ4', '231456869', 10123456789, NULL, 'Cais da Ribeira, 12', '4050-509', 23, 1, 6, 912000089, 'walter.costa@gmail.com', 'wa.costa@concessionario.pt'),
(90, 'TRB0090', 'F', 'Xuxa Filomena Batista Rocha', '12345690 0 ZZ4', '231456870', 10123456790, NULL, 'Rua de Miragaia, 8', '4050-387', 23, 1, 1, 912000090, 'xuxa.rocha@gmail.com', 'xu.rocha@concessionario.pt'),
(91, 'TRB0091', 'M', 'Yannick Rui Tavares Silva', '12345691 0 ZZ4', '231456871', 10123456791, NULL, 'Rua do Almada, 22', '4050-036', 23, 1, 1, 912000091, 'yannick.silva@gmail.com', 'ya.silva@concessionario.pt'),
(92, 'TRB0092', 'F', 'Zara Gabriela Lobo Cunha', '12345692 0 ZZ4', '231456872', 10123456792, NULL, 'Rua das Flores, 5', '4050-262', 23, 1, 1, 912000092, 'zara.cunha@gmail.com', 'za.cunha@concessionario.pt'),
(93, 'TRB0093', 'M', 'Adriano Marco Prata Henriques', '12345693 0 ZZ4', '231456873', 10123456793, NULL, 'Rua Mouzinho da Silveira, 55', '4050-416', 23, 1, 1, 912000093, 'adriano.henriques@gmail.com', 'ad.henriques@concessionario.pt'),
(94, 'TRB0094', 'M', 'Belmiro José Carvalho Neves', '12345694 0 ZZ4', '231456874', 10123456794, NULL, 'Rua do Infante D. Henrique, 1', '4050-296', 23, 1, 1, 912000094, 'belmiro.neves@gmail.com', 'be.neves@concessionario.pt'),
(95, 'TRB0095', 'F', 'Cândida Rosa Ferreira Macedo', '12345695 0 ZZ4', '231456875', 10123456795, NULL, 'Av. da Boavista, 25', '4100-130', 24, 1, 1, 912000095, 'candida.macedo@gmail.com', 'ca.macedo@concessionario.pt'),
(96, 'TRB0096', 'M', 'Dino Afonso Veiga Amaral', '12345696 0 ZZ4', '231456876', 10123456796, NULL, 'Rua da Constituição, 123', '4200-192', 22, 1, 1, 912000096, 'dino.amaral@gmail.com', 'di.amaral@concessionario.pt'),
(97, 'TRB0097', 'F', 'Elisa Bernardete Neto Grilo', '12345697 0 ZZ4', '231456877', 10123456797, NULL, 'Rua de Costa Cabral, 220', '4200-215', 22, 1, 1, 912000097, 'elisa.grilo@gmail.com', 'el.grilo@concessionario.pt'),
(98, 'TRB0098', 'M', 'Filinto Rui Borges Seabra', '12345698 0 ZZ4', '231456878', 10123456798, NULL, 'Av. Antunes Guimarães, 5', '4100-074', 24, 1, 1, 912000098, 'filinto.seabra@gmail.com', 'fi.seabra@concessionario.pt'),
(99, 'TRB0099', 'F', 'Gertrudes Olga Resende Moura', '12345699 0 ZZ4', '231456879', 10123456799, NULL, 'Rua do Padre Luís Cabral, 3', '4150-538', 24, 1, 1, 912000099, 'gertrudes.moura@gmail.com', 'ge.moura@concessionario.pt'),
(100, 'TRB0100', 'M', 'Honorato Paulo Caldas Pires', '12345700 0 ZZ4', '231456880', 10123456800, NULL, 'Av. da República, 66', '4430-195', 25, 1, 1, 912000100, 'honorato.pires@gmail.com', 'ho.pires@concessionario.pt'),
(101, 'TRB0101', 'M', 'Igor Stanislav Novaes Costa', '12345701 0 ZZ4', '231456881', 10123456801, NULL, 'Av. da República, 90', '4430-195', 25, 8, 1, 912000101, 'igor.costa@gmail.com', 'ig.costa@concessionario.pt'),
(102, 'TRB0102', 'F', 'Júlia Marcelina Faria Batista', '12345702 0 ZZ4', '231456882', 10123456802, NULL, 'Rua General Torres, 44', '4430-199', 25, 1, 1, 912000102, 'julia.batista@gmail.com', 'ju.batista@concessionario.pt'),
(103, 'TRB0103', 'F', 'Karina Sofia Ramos Vieira', '12345703 0 ZZ4', '231456883', 10123456803, NULL, 'Rua Cândido dos Reis, 30', '4400-071', 25, 1, 1, 912000103, 'karina.vieira@gmail.com', 'ka.vieira@concessionario.pt'),
(104, 'TRB0104', 'M', 'Laurentino Jorge Castro Nunes', '12345704 0 ZZ4', '231456884', 10123456804, NULL, 'Rua do Quebrantões, 6', '4050-481', 24, 1, 1, 912000104, 'laurentino.nunes@gmail.com', 'la.nunes@concessionario.pt'),
(105, 'TRB0105', 'F', 'Melânia Francisca Pinto Cruz', '12345705 0 ZZ4', '231456885', 10123456805, NULL, 'Rua de Leça, 18', '4450-226', 28, 1, 1, 912000105, 'melania.cruz@gmail.com', 'me.cruz@concessionario.pt'),
(106, 'TRB0106', 'M', 'Narciso Clemente Brandão Sousa', '12345706 0 ZZ4', '231456886', 10123456806, NULL, 'Av. de Leça, 22', '4450-210', 28, 1, 1, 912000106, 'narciso.sousa@gmail.com', 'na.sousa@concessionario.pt'),
(107, 'TRB0107', 'F', 'Ondina Perpétua Esteves Mendes', '12345707 0 ZZ4', '231456887', 10123456807, NULL, 'Rua da Praia, 3', '4450-781', 28, 1, 1, 912000107, 'ondina.mendes@gmail.com', 'on.mendes@concessionario.pt'),
(108, 'TRB0108', 'M', 'Plácido Anastácio Gouveia Lima', '12345708 0 ZZ4', '231456888', 10123456808, NULL, 'Rua da Alegria, 9', '4000-038', 21, 1, 1, 912000108, 'placido.lima@gmail.com', 'pl.lima@concessionario.pt'),
(109, 'TRB0109', 'F', 'Quintinha Emília Tavares Rocha', '12345709 0 ZZ4', '231456889', 10123456809, NULL, 'Rua Miguel Bombarda, 14', '4050-379', 23, 1, 1, 912000109, 'quintinha.rocha@gmail.com', 'qi.rocha@concessionario.pt'),
(110, 'TRB0110', 'M', 'Raimundo Silvério Braz Ribeiro', '12345710 0 ZZ4', '231456890', 10123456810, NULL, 'Rua Gonçalo Cristóvão, 50', '4000-263', 21, 1, 1, 912000110, 'raimundo.ribeiro@gmail.com', 'ra.ribeiro@concessionario.pt'),
(111, 'TRB0111', 'F', 'Sandra Cátia Valente Maia', '12345711 0 ZZ4', '231456891', 10123456811, NULL, 'Rua do Almada, 80', '4050-036', 23, 1, 1, 912000111, 'sandra.maia@gmail.com', 'sn.maia@concessionario.pt'),
(112, 'TRB0112', 'M', 'Teófilo Damiano Lopes Ferreira', '12345712 0 ZZ4', '231456892', 10123456812, NULL, 'Rua do Clube Fenianos, 5', '4000-173', 21, 1, 1, 912000112, 'teofilo.ferreira@gmail.com', 'tf.ferreira@concessionario.pt'),
(113, 'TRB0113', 'F', 'Umbelina Rosa Correia Pedrosa', '12345713 0 ZZ4', '231456893', 10123456813, NULL, 'Rua de Sá da Bandeira, 33', '4000-427', 21, 1, 1, 912000113, 'umbelina.pedrosa@gmail.com', 'um.pedrosa@concessionario.pt'),
(114, 'TRB0114', 'M', 'Valentim Porfírio Cunha Castro', '12345714 0 ZZ4', '231456894', 10123456814, NULL, 'Av. dos Aliados, 44', '4000-065', 21, 1, 1, 912000114, 'valentim.castro@gmail.com', 'vl.castro@concessionario.pt'),
(115, 'TRB0115', 'F', 'Wanda Celeste Machado Sá', '12345715 0 ZZ4', '231456895', 10123456815, NULL, 'Rua de Campanhã, 12', '4300-104', 22, 1, 1, 912000115, 'wanda.sa@gmail.com', 'wn.sa@concessionario.pt'),
(116, 'TRB0116', 'M', 'Xavier Olímpio Fonseca Nobre', '12345716 0 ZZ4', '231456896', 10123456816, NULL, 'Rua de São Roque, 4', '4300-461', 22, 1, 1, 912000116, 'xavier.nobre@gmail.com', 'xa.nobre@concessionario.pt'),
(117, 'TRB0117', 'F', 'Yolanda Patrícia Teles Pinto', '12345717 0 ZZ4', '231456897', 10123456817, NULL, 'Rua de Contumil, 8', '4300-161', 22, 1, 1, 912000117, 'yolanda.pinto@gmail.com', 'yo.pinto@concessionario.pt'),
(118, 'TRB0118', 'F', 'Zulmira Ermelinda Dias Marques', '12345718 0 ZZ4', '231456898', 10123456818, NULL, 'Rua Coronel Raúl Peres, 3', '4300-125', 22, 1, 1, 912000118, 'zulmira.marques@gmail.com', 'zu.marques@concessionario.pt'),
(119, 'TRB0119', 'M', 'Amadeu Filipe Sequeira Soares', '12345719 0 ZZ4', '231456899', 10123456819, NULL, 'Rua Marechal Saldanha, 6', '4150-615', 24, 1, 1, 912000119, 'amadeu.soares@gmail.com', 'am.soares@concessionario.pt'),
(120, 'TRB0120', 'M', 'Bráulio Ernesto Pinto Ferreira', '12345720 0 ZZ4', '231456900', 10123456820, NULL, 'Rua do Campo Alegre, 33', '4100-179', 24, 1, 1, 912000120, 'braulio.ferreira@gmail.com', 'bl.ferreira@concessionario.pt'),
(121, 'TRB0121', 'F', 'Cristiana Marlene Neves Brito', '12345721 0 ZZ4', '231456901', 10123456821, NULL, 'Av. Marginal, 8', '2765-272', 17, 1, 1, 912000121, 'cristiana.brito@gmail.com', 'cr.brito@concessionario.pt'),
(122, 'TRB0122', 'M', 'Delmiro José Vaz Almada', '12345722 0 ZZ4', '231456902', 10123456822, NULL, 'Rua Frederico Arouca, 33', '2750-357', 17, 1, 1, 912000122, 'delmiro.almada@gmail.com', 'dl.almada@concessionario.pt'),
(123, 'TRB0123', 'F', 'Eduarda Clélia Rebelo Gomes', '12345723 0 ZZ4', '231456903', 10123456823, NULL, 'Av. da República, 5', '2765-128', 17, 1, 1, 912000123, 'eduarda.gomes@gmail.com', 'ed.gomes@concessionario.pt'),
(124, 'TRB0124', 'M', 'Frederico Aníbal Costa Alves', '12345724 0 ZZ4', '231456904', 10123456824, NULL, 'Rua Padre Moisés da Silva, 3', '2750-441', 17, 1, 1, 912000124, 'frederico.alves@gmail.com', 'fd.alves@concessionario.pt'),
(125, 'TRB0125', 'M', 'Genésio Filipe Rocha Matos', '12345725 0 ZZ4', '231456905', 10123456825, NULL, 'Av. 25 de Abril, 22', '2765-187', 17, 1, 1, 912000125, 'genesio.matos@gmail.com', 'gn.matos@concessionario.pt'),
(126, 'TRB0126', 'F', 'Henriqueta Sofia Pinto Freitas', '12345726 0 ZZ4', '231456906', 10123456826, NULL, 'Rua Afonso Sanches, 10', '2750-009', 17, 1, 1, 912000126, 'henriqueta.freitas@gmail.com', 'hn.freitas@concessionario.pt'),
(127, 'TRB0127', 'M', 'Ilário Marco Barbosa Marques', '12345727 0 ZZ4', '231456907', 10123456827, NULL, 'Rua Bento de Moura Portugal, 4', '2765-258', 17, 1, 1, 912000127, 'ilario.marques@gmail.com', 'il.marques@concessionario.pt'),
(128, 'TRB0128', 'F', 'Jacinta Rosária Teixeira Dias', '12345728 0 ZZ4', '231456908', 10123456828, NULL, 'Av. de Sintra, 11', '2765-187', 17, 1, 1, 912000128, 'jacinta.dias@gmail.com', 'jc.dias@concessionario.pt'),
(129, 'TRB0129', 'M', 'Karim Mustafa Ferreira Costa', '12345729 0 ZZ4', '231456909', 10123456829, NULL, 'Rua do Ultramar, 3', '2750-504', 17, 1, 1, 912000129, 'karim.costa@gmail.com', 'km.costa@concessionario.pt'),
(130, 'TRB0130', 'F', 'Lorena Cláudia Gomes Rodrigues', '12345730 0 ZZ4', '231456910', 10123456830, NULL, 'Rua de Cascais, 55', '2765-400', 17, 1, 1, 912000130, 'lorena.rodrigues@gmail.com', 'lo.rodrigues@concessionario.pt'),
(131, 'TRB0131', 'M', 'Macário Simão Lopes Belo', NULL, '231456911', 10123456831, 'AR00000131', 'Av. Marginal, 120', '2765-272', 17, 1, 1, 912000131, 'macario.belo@gmail.com', 'mc.belo@concessionario.pt'),
(132, 'TRB0132', 'M', 'Natanael Diogo Pires Lima', NULL, '231456912', 10123456832, 'AR00000132', 'Rua do Mercado, 6', '2750-382', 17, 1, 1, 912000132, 'natanael.lima@gmail.com', 'nt.lima@concessionario.pt'),
(133, 'TRB0133', 'F', 'Odete Graciela Monteiro Figueiredo', NULL, '231456913', 10123456833, 'AR00000133', 'Rua Jorge Colaço, 4', '2750-345', 17, 1, 1, 912000133, 'odete.figueiredo@gmail.com', 'od.figueiredo@concessionario.pt'),
(134, 'TRB0134', 'M', 'Pompeu Leandro Duarte Azevedo', NULL, '231456914', 10123456834, 'AR00000134', 'Av. Valbom, 9', '2750-509', 17, 1, 1, 912000134, 'pompeu.azevedo@gmail.com', 'po.azevedo@concessionario.pt'),
(135, 'TRB0135', 'F', 'Queila Helena Saraiva Cunha', NULL, '231456915', 10123456835, 'AR00000135', 'Rua Conselheiro Bívar, 2', '2750-162', 17, 1, 1, 912000135, 'queila.cunha@gmail.com', 'qe.cunha@concessionario.pt'),
(136, 'TRB0136', 'M', 'Ramiro António Gouveia Brás', NULL, '231456916', 10123456836, 'AR00000136', 'Rua Elias Garcia, 7', '2745-067', 10, 1, 1, 912000136, 'ramiro.bras@gmail.com', 'rm.bras@concessionario.pt'),
(137, 'TRB0137', 'F', 'Salomé Fátima Braz Nunes', NULL, '231456917', 10123456837, 'AR00000137', 'Av. António Enes, 14', '2745-138', 10, 1, 1, 912000137, 'salome.nunes@gmail.com', 'sl.nunes@concessionario.pt'),
(138, 'TRB0138', 'M', 'Teodoro Venceslau Marques Maia', NULL, '231456918', 10123456838, 'AR00000138', 'Rua da Misericórdia, 22', '2745-232', 10, 1, 1, 912000138, 'teodoro.maia@gmail.com', 'td.maia@concessionario.pt'),
(139, 'TRB0139', 'M', 'Umbelino Gustavo Carvalho Paiva', NULL, '231456919', 10123456839, 'AR00000139', 'Rua Vasco da Gama, 9', '2745-103', 10, 1, 1, 912000139, 'umbelino.paiva@gmail.com', 'ub.paiva@concessionario.pt'),
(140, 'TRB0140', 'F', 'Violante Cesarina Correia Bentes', NULL, '231456920', 10123456840, 'AR00000140', 'Av. de Portugal, 3', '2745-038', 10, 1, 1, 912000140, 'violante.bentes@gmail.com', 'vi.bentes@concessionario.pt'),
(141, 'TRB0141', 'M', 'Waldir Celestino Pinto Neves', NULL, '231456921', 10123456841, 'AR00000141', 'Rua Augusto Falcão, 5', '2745-007', 10, 1, 1, 912000141, 'waldir.neves@gmail.com', 'wd.neves@concessionario.pt'),
(142, 'TRB0142', 'M', 'Xisto Aurélio Borges Faria', NULL, '231456922', 10123456842, 'AR00000142', 'Rua Serpa Pinto, 18', '2745-293', 10, 1, 1, 912000142, 'xisto.faria@gmail.com', 'xi.faria@concessionario.pt'),
(143, 'TRB0143', 'M', 'Yana Esperança Ribeiro Teles', NULL, '231456923', 10123456843, 'AR00000143', 'Rua João de Deus, 4', '2745-148', 10, 1, 1, 912000143, 'yana.teles@gmail.com', 'yn.teles@concessionario.pt'),
(144, 'TRB0144', 'M', 'Zacarias Manel Esteves Correia', NULL, '231456924', 10123456844, 'AR00000144', 'Rua Afonso Costa, 10', '2745-022', 10, 1, 1, 912000144, 'zacarias.correia@gmail.com', 'za.correia@concessionario.pt'),
(145, 'TRB0145', 'F', 'Adelaide Fátima Cruz Leal', NULL, '231456925', 10123456845, 'AR00000145', 'Av. Tomás Ribeiro, 33', '2745-374', 10, 1, 1, 912000145, 'adelaide.leal@gmail.com', 'ad.leal@concessionario.pt'),
(146, 'TRB0146', 'M', 'Benjamim Claro Vaz Moura', NULL, '231456926', 10123456846, 'AR00000146', 'Av. 25 de Abril, 55', '2800-024', 31, 1, 1, 912000146, 'benjamim.moura@gmail.com', 'bn.moura@concessionario.pt'),
(147, 'TRB0147', 'F', 'Carmo Dulce Valente Pinheiro', NULL, '231456927', 10123456847, 'AR00000147', 'Rua Cândido dos Reis, 8', '2800-115', 31, 1, 1, 912000147, 'carmo.pinheiro@gmail.com', 'co.pinheiro@concessionario.pt'),
(148, 'TRB0148', 'F', 'Delfina Rosária Machado Gomes', NULL, '231456928', 10123456848, 'AR00000148', 'Rua João de Deus, 3', '2800-169', 31, 1, 1, 912000148, 'delfina.gomes@gmail.com', 'df.gomes@concessionario.pt'),
(149, 'TRB0149', 'M', 'Eurico Serafim Teles Santos', NULL, '231456929', 10123456849, 'AR00000149', 'Rua Câmara Pestana, 10', '2800-107', 31, 1, 1, 912000149, 'eurico.santos@gmail.com', 'eu.santos@concessionario.pt'),
(150, 'TRB0150', 'F', 'Felismina Catarina Lopes Guedes', NULL, '231456930', 10123456850, 'AR00000150', 'Av. Aliança Povo MFA, 4', '2800-010', 31, 1, 1, 912000150, 'felismina.guedes@gmail.com', 'fm.guedes@concessionario.pt'),
(151, 'TRB0151', NULL, 'Gaspar Leopoldo Brito Azevedo', NULL, '231456931', 10123456851, 'AR00000151', 'Rua de Cacilhas, 20', '2800-122', 32, 1, 1, 912000151, 'gaspar.azevedo@gmail.com', 'gs.azevedo@concessionario.pt'),
(152, 'TRB0152', NULL, 'Hermenegilda Pilar Costa Ramos', NULL, '231456932', 10123456852, 'AR00000152', 'Av. dos Bombeiros, 7', '2805-032', 32, 1, 1, 912000152, 'hermenegilda.ramos@gmail.com', 'hr.ramos@concessionario.pt'),
(153, 'TRB0153', NULL, 'Inocêncio Marco Duarte Lima', NULL, '231456933', 10123456853, 'AR00000153', 'Rua Coval da Mora, 3', '2805-089', 32, 1, 1, 912000153, 'inocencio.lima@gmail.com', 'in.lima@concessionario.pt'),
(154, 'TRB0154', NULL, 'Jocelina Perpétua Bentes Ribeiro', NULL, '231456934', 10123456854, 'AR00000154', 'Rua José Saramago, 5', '2810-191', 32, 1, 1, 912000154, 'jocelina.ribeiro@gmail.com', 'jc.ribeiro@concessionario.pt'),
(155, 'TRB0155', NULL, 'Kilson André Fonseca Mota', NULL, '231456935', 10123456855, 'AR00000155', 'Estrada de Caparica, 12', '2825-302', 31, 8, 1, 912000155, 'kilson.mota@gmail.com', 'kl.mota@concessionario.pt'),
(156, 'TRB0156', NULL, 'Luísa Cláudia Pereira Dias', NULL, '231456936', 10123456856, 'AR00000156', 'Rua Dom Diogo de Sousa, 10', '4700-238', 35, 1, 1, 912000156, 'luisa.dias@gmail.com', 'lu.dias@concessionario.pt'),
(157, 'TRB0157', NULL, 'Marcelo Renato Abreu Cunha', NULL, '231456937', 10123456857, 'AR00000157', 'Av. Central, 44', '4700-022', 35, 1, 1, 912000157, 'marcelo.cunha@gmail.com', 'mc.cunha@concessionario.pt'),
(158, 'TRB0158', NULL, 'Narcisa Emília Borges Nunes', NULL, '231456938', 10123456858, 'AR00000158', 'Rua do Raio, 7', '4700-394', 35, 1, 1, 912000158, 'narcisa.nunes@gmail.com', 'ns.nunes@concessionario.pt'),
(159, 'TRB0159', NULL, 'Osvaldo Teófilo Lages Rodrigues', NULL, '231456939', 10123456859, 'AR00000159', 'Rua dos Chãos, 5', '4700-087', 35, 1, 1, 912000159, 'osvaldo.rodrigues@gmail.com', 'os.rodrigues@concessionario.pt'),
(160, 'TRB0160', NULL, 'Plácida Rosária Marques Pereira', NULL, '231456940', 10123456860, 'AR00000160', 'Campo das Hortas, 3', '4700-034', 35, 1, 1, 912000160, 'placida.pereira@gmail.com', 'pl.pereira@concessionario.pt'),
(161, 'TRB0161', NULL, 'Quintiliano Marco Vilas Pinto', NULL, '231456941', 10123456861, 'AR00000161', 'Rua Nova de Santa Cruz, 9', '4700-358', 35, 1, 1, 912000161, 'quintiliano.pinto@gmail.com', 'qt.pinto@concessionario.pt'),
(162, 'TRB0162', NULL, 'Rosário Conceição Salgado Lima', NULL, '231456942', 10123456862, 'AR00000162', 'Rua Eça de Queirós, 4', '4700-221', 36, 1, 1, 912000162, 'rosario.lima@gmail.com', 'rs.lima@concessionario.pt'),
(163, 'TRB0163', NULL, 'Sebastião Alfredo Teles Moura', NULL, '231456943', 10123456863, 'AR00000163', 'Rua D. Afonso Henriques, 12', '4700-030', 36, 1, 1, 912000163, 'sebastiao.moura@gmail.com', 'se.moura@concessionario.pt'),
(164, 'TRB0164', NULL, 'Teresinha Alcina Machado Costa', NULL, '231456944', 10123456864, 'AR00000164', 'Av. da Liberdade, 77', '4700-200', 35, 1, 1, 912000164, 'teresinha.costa@gmail.com', 'tn.costa@concessionario.pt'),
(165, 'TRB0165', NULL, 'Urbano Simplício Correia Batista', NULL, '231456945', 10123456865, 'AR00000165', 'Largo Barão de São Martinho, 2', '4700-020', 35, 1, 1, 912000165, 'urbano.batista@gmail.com', 'ur.batista@concessionario.pt'),
(166, 'TRB0166', NULL, 'Verónica Stéfane Ribeiro Sousa', NULL, '231456946', 10123456866, 'AR00000166', 'Rua do Carmo, 15', '4700-066', 35, 1, 1, 912000166, 'veronica.sousa@gmail.com', 'vr.sousa@concessionario.pt'),
(167, 'TRB0167', NULL, 'Walber Flávio Pires Castro', NULL, '231456947', 10123456867, 'AR00000167', 'Rua das Parretas, 6', '4700-347', 35, 1, 8, 912000167, 'walber.castro@gmail.com', 'wb.castro@concessionario.pt'),
(168, 'TRB0168', NULL, 'Xicato Renato Ferreira Pinto', NULL, '231456948', 10123456868, 'AR00000168', 'Bairro das Enguardas, 5', '4715-306', 36, 1, 1, 912000168, 'xicato.pinto@gmail.com', 'xc.pinto@concessionario.pt'),
(169, 'TRB0169', NULL, 'Yeda Cláudia Nunes Ferreira', NULL, '231456949', 10123456869, 'AR00000169', 'Rua João Mendonça, 2', '3800-200', 38, 1, 1, 912000169, 'yeda.ferreira@gmail.com', 'ye.ferreira@concessionario.pt'),
(170, 'TRB0170', NULL, 'Zacrina Elisa Matos Dias', NULL, '231456950', 10123456870, 'AR00000170', 'Rua Clube dos Galitos, 8', '3800-110', 38, 1, 1, 912000170, 'zacrina.dias@gmail.com', 'zc.dias@concessionario.pt'),
(171, 'TRB0171', NULL, 'Abel Hilário Brites Rodrigues', NULL, '231456951', 10123456871, 'AR00000171', 'Av. Dr. Lourenço Peixinho, 33', '3800-160', 38, 1, 1, 912000171, 'abel.rodrigues@gmail.com', 'ab.rodrigues@concessionario.pt'),
(172, 'TRB0172', NULL, 'Benedita Flávia Sequeira Lopes', NULL, '231456952', 10123456872, 'AR00000172', 'Rua Eng. Von Hafe, 10', '3810-062', 38, 1, 1, 912000172, 'benedita.lopes@gmail.com', 'bd.lopes@concessionario.pt'),
(173, 'TRB0173', NULL, 'Cristóvão Ernani Soares Cunha', NULL, '231456953', 10123456873, 'AR00000173', 'Rua dos Mercadores, 5', '3800-223', 38, 1, 1, 912000173, 'cristovao.cunha@gmail.com', 'ct.cunha@concessionario.pt'),
(174, 'TRB0174', NULL, 'Deolinda Angélica Rebelo Neves', NULL, '231456954', 10123456874, 'AR00000174', 'Rua de Aveiro, 18', '3810-015', 38, 1, 1, 912000174, 'deolinda.neves@gmail.com', 'dl.neves@concessionario.pt'),
(175, 'TRB0175', NULL, 'Evaristo Constantino Lobo Faria', NULL, '231456955', 10123456875, 'AR00000175', 'Av. Santa Joana, 7', '3800-302', 38, 1, 1, 912000175, 'evaristo.faria@gmail.com', 'ev.faria@concessionario.pt'),
(176, 'TRB0176', NULL, 'Felicidade Doroteia Teles Matos', NULL, '231456956', 10123456876, 'AR00000176', 'Rua da Misericórdia, 14', '3800-215', 38, 1, 1, 912000176, 'felicidade.matos@gmail.com', 'fc.matos@concessionario.pt'),
(177, 'TRB0177', NULL, 'Germano Isidro Pinto Costa', NULL, '231456957', 10123456877, 'AR00000177', 'Rua António Granjo, 4', '3800-046', 38, 1, 1, 912000177, 'germano.costa@gmail.com', 'gm.costa@concessionario.pt'),
(178, 'TRB0178', NULL, 'Hilária Benedita Fonseca Rocha', NULL, '231456958', 10123456878, 'AR00000178', 'Rua Combatentes da Grande Guerra, 9', '3800-087', 38, 1, 1, 912000178, 'hilaria.rocha@gmail.com', 'hi.rocha@concessionario.pt'),
(179, 'TRB0179', NULL, 'Idílio Marcos Veiga Ramos', NULL, '231456959', 10123456879, 'AR00000179', 'Av. Luísa Todi, 22', '2900-451', 33, 1, 1, 912000179, 'idilio.ramos@gmail.com', 'id.ramos@concessionario.pt'),
(180, 'TRB0180', NULL, 'Júnior Celestino Marques Pires', NULL, '231456960', 10123456880, 'AR00000180', 'Rua Álvaro Castelões, 8', '2900-049', 33, 1, 1, 912000180, 'junior.pires@gmail.com', 'jn.pires@concessionario.pt'),
(181, 'TRB0181', NULL, 'Korinna Aída Monteiro Batista', NULL, '231456961', 10123456881, 'AR00000181', 'Rua Bocage, 15', '2900-082', 33, 1, 1, 912000181, 'korinna.batista@gmail.com', 'ko.batista@concessionario.pt'),
(182, 'TRB0182', NULL, 'Liduvina Gracinda Faria Alves', NULL, '231456962', 10123456882, 'AR00000182', 'Rua D. Pedro II, 3', '2900-309', 33, 1, 1, 912000182, 'liduvina.alves@gmail.com', 'ld.alves@concessionario.pt'),
(183, 'TRB0183', NULL, 'Máximo Adriano Teixeira Cunha', NULL, '231456963', 10123456883, 'AR00000183', 'Rua da Misericórdia, 7', '2900-394', 33, 1, 1, 912000183, 'maximo.cunha@gmail.com', 'mx.cunha@concessionario.pt'),
(184, 'TRB0184', NULL, 'Neide Anastácia Correia Guedes', NULL, '231456964', 10123456884, 'AR00000184', 'Tv. do Bonfim, 4', '2900-087', 33, 1, 1, 912000184, 'neide.guedes@gmail.com', 'nd.guedes@concessionario.pt'),
(185, 'TRB0185', NULL, 'Olavo Augusto Ribeiro Castro', NULL, '231456965', 10123456885, 'AR00000185', 'Rua Dr. António Joaquim Granjo, 6', '2900-133', 33, 1, 1, 912000185, 'olavo.castro@gmail.com', 'ov.castro@concessionario.pt'),
(186, 'TRB0186', NULL, 'Petronila Emília Sousa Ferreira', NULL, '231456966', 10123456886, 'AR00000186', 'Rua 5 de Outubro, 22', '2900-477', 33, 1, 1, 912000186, 'petronila.ferreira@gmail.com', 'pn.ferreira@concessionario.pt'),
(187, 'TRB0187', NULL, 'Quirino Sebastião Lima Marques', NULL, '231456967', 10123456887, 'AR00000187', 'Av. 22 de Dezembro, 4', '2900-009', 33, 1, 1, 912000187, 'quirino.marques@gmail.com', 'qn.marques@concessionario.pt'),
(188, 'TRB0188', NULL, 'Ricardina Leopoldina Pinto Neto', NULL, '231456968', 10123456888, 'AR00000188', 'Rua Almeida Garrett, 10', '2900-040', 33, 1, 1, 912000188, 'ricardina.neto@gmail.com', 'rc.neto@concessionario.pt'),
(189, 'TRB0189', NULL, 'Salustiano Aníbal Matos Nogueira', NULL, '231456969', 10123456889, 'AR00000189', 'Rua Passos Manuel, 14', '1150-261', 1, 1, 1, 912000189, 'salustiano.nogueira@gmail.com', 'su.nogueira@concessionario.pt'),
(190, 'TRB0190', NULL, 'Teodolinda Margarida Sousa Belo', NULL, '231456970', 10123456890, 'AR00000190', 'Rua Poço dos Negros, 5', '1200-336', 2, 1, 1, 912000190, 'teodolinda.belo@gmail.com', 'tl.belo@concessionario.pt'),
(191, 'TRB0191', NULL, 'Ulpiano Rogério Alves Cardoso', NULL, '231456971', 10123456891, 'AR00000191', 'Rua da Esperança, 33', '1200-192', 2, 1, 1, 912000191, 'ulpiano.cardoso@gmail.com', 'up.cardoso@concessionario.pt'),
(192, 'TRB0192', NULL, 'Verbena Crisântema Cunha Mota', NULL, '231456972', 10123456892, 'AR00000192', 'Rua do Século, 18', '1200-433', 2, 1, 1, 912000192, 'verbena.mota@gmail.com', 'vb.mota@concessionario.pt'),
(193, 'TRB0193', NULL, 'Wenceslau Bráulio Pires Morais', NULL, '231456973', 10123456893, 'AR00000193', 'Rua das Taipas, 7', '1250-256', 3, 1, 1, 912000193, 'wenceslau.morais@gmail.com', 'wc.morais@concessionario.pt'),
(194, 'TRB0194', NULL, 'Xarina Guadalupe Lopes Martins', NULL, '231456974', 10123456894, 'AR00000194', 'Rua Engenheiro Canto Resende, 9', '1050-067', 3, 1, 1, 912000194, 'xarina.martins@gmail.com', 'xn.martins@concessionario.pt'),
(195, 'TRB0195', NULL, 'Yosef Ariel Mendes Azevedo', NULL, '231456975', 10123456895, 'AR00000195', 'Rua Cidade de Lobito, 4', '1800-086', 8, 1, 1, 912000195, 'yosef.azevedo@gmail.com', 'yf.azevedo@concessionario.pt'),
(196, 'TRB0196', NULL, 'Zaida Honorata Figueira Braz', NULL, '231456976', 10123456896, 'AR00000196', 'Rua Capitão Renato Baptista, 11', '1900-116', 8, 1, 1, 912000196, 'zaida.braz@gmail.com', 'zd.braz@concessionario.pt'),
(197, 'TRB0197', NULL, 'Amílcar Prudêncio Santos Veiga', NULL, '231456977', 10123456897, 'AR00000197', 'Rua do Vale Formoso de Cima, 2', '1950-286', 7, 1, 1, 912000197, 'amilcar.veiga@gmail.com', 'ac.veiga@concessionario.pt'),
(198, 'TRB0198', NULL, 'Brígida Celeste Faria Pedrosa', NULL, '231456978', 10123456898, 'AR00000198', 'Rua Luís Camões, 10', '1900-236', 8, 1, 1, 912000198, 'brigida.pedrosa@gmail.com', 'br.pedrosa@concessionario.pt'),
(199, 'TRB0199', NULL, 'Crisóstomo Leandro Ribeiro Pinto', NULL, '231456979', 10123456899, 'AR00000199', 'Rua do Beato, 22', '1950-044', 8, 1, 1, 912000199, 'crisostomo.pinto@gmail.com', 'cp.pinto@concessionario.pt'),
(200, 'TRB0200', NULL, 'Dulcineia Amparo Costa Fonseca', NULL, '231456980', 10123456900, 'AR00000200', 'Rua Prior do Crato, 44', '1070-005', 4, 1, 1, 912000200, 'dulcineia.fonseca@gmail.com', 'du.fonseca@concessionario.pt');
GO

INSERT INTO [vinculo_profissional] (id, id_trabalhador, id_cargo, data_de_inicio, data_de_fim, ativo) VALUES
(1, 1, 1, '2015-03-01', NULL, 1),
(2, 2, 2, '2016-06-15', NULL, 1),
(3, 3, 3, '2017-01-10', NULL, 1),
(4, 4, 4, '2016-09-01', NULL, 1),
(5, 5, 5, '2018-02-20', NULL, 1),
(6, 6, 6, '2017-05-01', NULL, 1),
(7, 7, 6, '2019-03-15', NULL, 1),
(8, 8, 7, '2016-11-01', NULL, 1),
(9, 9, 8, '2018-07-01', NULL, 1),
(10, 10, 9, '2019-01-15', NULL, 1),
(11, 11, 9, '2020-03-01', NULL, 1),
(12, 12, 9, '2020-06-15', NULL, 1),
(13, 13, 9, '2021-01-10', NULL, 1),
(14, 14, 9, '2021-04-01', NULL, 1),
(15, 15, 9, '2022-02-14', NULL, 1),
(16, 16, 9, '2022-05-01', NULL, 1),
(17, 17, 9, '2023-01-09', NULL, 1),
(18, 18, 9, '2023-03-20', NULL, 1),
(19, 19, 10, '2019-06-01', NULL, 1),
(20, 20, 10, '2020-01-15', NULL, 1),
(21, 21, 10, '2020-09-01', NULL, 1),
(22, 22, 10, '2021-02-28', NULL, 1),
(23, 23, 10, '2021-07-01', NULL, 1),
(24, 24, 10, '2022-01-03', NULL, 1),
(25, 25, 11, '2018-04-01', NULL, 1),
(26, 26, 11, '2019-09-01', NULL, 1),
(27, 27, 12, '2016-03-14', NULL, 1),
(28, 28, 12, '2017-01-09', NULL, 1),
(29, 29, 12, '2017-06-01', NULL, 1),
(30, 30, 12, '2018-02-01', NULL, 1),
(31, 31, 12, '2018-09-17', NULL, 1),
(32, 32, 12, '2019-04-01', NULL, 1),
(33, 33, 12, '2019-10-14', NULL, 1),
(34, 34, 12, '2020-01-06', NULL, 1),
(35, 35, 12, '2020-05-11', NULL, 1),
(36, 36, 12, '2020-09-01', NULL, 1),
(37, 37, 12, '2021-01-04', NULL, 1),
(38, 38, 12, '2021-06-01', NULL, 1),
(39, 39, 12, '2022-01-10', NULL, 1),
(40, 40, 12, '2022-04-04', NULL, 1),
(41, 41, 13, '2017-07-03', NULL, 1),
(42, 42, 13, '2018-01-08', NULL, 1),
(43, 43, 13, '2019-03-01', NULL, 1),
(44, 44, 13, '2020-01-13', NULL, 1),
(45, 45, 13, '2020-07-01', NULL, 1),
(46, 46, 13, '2021-04-06', NULL, 1),
(47, 47, 14, '2016-05-02', NULL, 1),
(48, 48, 14, '2017-09-01', NULL, 1),
(49, 49, 14, '2018-11-12', NULL, 1),
(50, 50, 14, '2019-03-04', NULL, 1),
(51, 51, 14, '2020-02-17', NULL, 1),
(52, 52, 14, '2021-01-04', NULL, 1),
(53, 53, 15, '2019-06-03', NULL, 1),
(54, 54, 15, '2020-02-10', NULL, 1),
(55, 55, 15, '2021-01-11', NULL, 1),
(56, 56, 15, '2022-03-07', NULL, 1),
(57, 57, 16, '2018-08-01', NULL, 1),
(58, 58, 16, '2019-05-06', NULL, 1),
(59, 59, 16, '2020-10-01', NULL, 1),
(60, 60, 17, '2019-01-14', NULL, 1),
(61, 61, 17, '2019-07-01', NULL, 1),
(62, 62, 17, '2020-03-02', NULL, 1),
(63, 63, 17, '2021-01-11', NULL, 1),
(64, 64, 17, '2021-09-01', NULL, 1),
(65, 65, 17, '2022-06-06', NULL, 1),
(66, 66, 18, '2017-03-13', NULL, 1),
(67, 67, 18, '2018-10-01', NULL, 1),
(68, 68, 18, '2020-04-06', NULL, 1),
(69, 69, 19, '2018-06-04', NULL, 1),
(70, 70, 19, '2019-11-01', NULL, 1),
(71, 71, 19, '2021-02-01', NULL, 1),
(72, 72, 20, '2019-04-01', NULL, 1),
(73, 73, 20, '2019-09-02', NULL, 1),
(74, 74, 20, '2020-01-06', NULL, 1),
(75, 75, 20, '2020-06-01', NULL, 1),
(76, 76, 20, '2021-01-11', NULL, 1),
(77, 77, 20, '2021-07-05', NULL, 1),
(78, 78, 20, '2022-01-03', NULL, 1),
(79, 79, 20, '2022-05-09', NULL, 1),
(80, 80, 20, '2023-01-02', NULL, 1),
(81, 81, 9, '2020-02-03', NULL, 1),
(82, 82, 9, '2021-01-11', NULL, 1),
(83, 83, 9, '2022-04-04', NULL, 1),
(84, 84, 10, '2021-06-07', NULL, 1),
(85, 85, 10, '2022-01-10', NULL, 1),
(86, 86, 12, '2019-09-02', NULL, 1),
(87, 87, 12, '2020-03-02', NULL, 1),
(88, 88, 13, '2021-05-03', NULL, 1),
(89, 89, 14, '2020-09-01', NULL, 1),
(90, 90, 15, '2022-02-07', NULL, 1),
(91, 91, 16, '2021-10-04', NULL, 1),
(92, 92, 17, '2022-07-11', NULL, 1),
(93, 93, 18, '2021-03-01', NULL, 1),
(94, 94, 19, '2022-01-03', NULL, 1),
(95, 95, 20, '2020-11-02', NULL, 1),
(96, 96, 20, '2021-08-02', NULL, 1),
(97, 97, 12, '2022-03-07', NULL, 1),
(98, 98, 12, '2023-01-02', NULL, 1),
(99, 99, 12, '2023-04-03', NULL, 1),
(100, 100, 13, '2021-06-07', NULL, 1),
(101, 101, 9, '2022-01-10', NULL, 1),
(102, 102, 9, '2022-05-02', NULL, 1),
(103, 103, 10, '2021-09-06', NULL, 1),
(104, 104, 10, '2022-03-14', NULL, 1),
(105, 105, 11, '2020-07-01', NULL, 1),
(106, 106, 12, '2019-10-07', NULL, 1),
(107, 107, 12, '2020-04-06', NULL, 1),
(108, 108, 13, '2021-01-04', NULL, 1),
(109, 109, 14, '2022-06-06', NULL, 1),
(110, 110, 15, '2021-11-01', NULL, 1),
(111, 111, 16, '2020-08-03', NULL, 1),
(112, 112, 17, '2021-02-01', NULL, 1),
(113, 113, 18, '2022-01-10', NULL, 1),
(114, 114, 19, '2021-07-05', NULL, 1),
(115, 115, 20, '2020-05-11', NULL, 1),
(116, 116, 20, '2021-01-04', NULL, 1),
(117, 117, 20, '2022-04-04', NULL, 1),
(118, 118, 17, '2023-02-06', NULL, 1),
(119, 119, 9, '2021-03-01', NULL, 1),
(120, 120, 9, '2022-09-05', NULL, 1),
(121, 121, 9, '2021-05-03', NULL, 1),
(122, 122, 9, '2022-01-10', NULL, 1),
(123, 123, 10, '2021-10-04', NULL, 1),
(124, 124, 10, '2022-07-11', NULL, 1),
(125, 125, 11, '2021-04-06', NULL, 1),
(126, 126, 12, '2020-06-01', NULL, 1),
(127, 127, 12, '2021-03-01', NULL, 1),
(128, 128, 12, '2022-01-10', NULL, 1),
(129, 129, 13, '2021-09-06', NULL, 1),
(130, 130, 14, '2021-01-04', NULL, 1),
(131, 131, 15, '2020-11-02', NULL, 1),
(132, 132, 16, '2022-02-07', NULL, 1),
(133, 133, 17, '2021-08-02', NULL, 1),
(134, 134, 19, '2020-03-02', NULL, 1),
(135, 135, 20, '2021-06-07', NULL, 1),
(136, 136, 9, '2022-03-14', NULL, 1),
(137, 137, 9, '2022-09-05', NULL, 1),
(138, 138, 10, '2021-11-01', NULL, 1),
(139, 139, 12, '2020-09-01', NULL, 1),
(140, 140, 12, '2021-07-05', NULL, 1),
(141, 141, 13, '2022-04-04', NULL, 1),
(142, 142, 14, '2021-02-01', NULL, 1),
(143, 143, 15, '2022-06-06', NULL, 1),
(144, 144, 16, '2021-10-04', NULL, 1),
(145, 145, 17, '2022-07-11', NULL, 1),
(146, 146, 9, '2021-05-03', NULL, 1),
(147, 147, 9, '2022-01-10', NULL, 1),
(148, 148, 10, '2021-03-01', NULL, 1),
(149, 149, 12, '2020-07-01', NULL, 1),
(150, 150, 12, '2021-04-06', NULL, 1),
(151, 151, 13, '2022-02-07', NULL, 1),
(152, 152, 14, '2021-09-06', NULL, 1),
(153, 153, 15, '2022-03-14', NULL, 1),
(154, 154, 17, '2021-08-02', NULL, 1),
(155, 155, 19, '2022-05-09', NULL, 1),
(156, 156, 9, '2021-01-04', NULL, 1),
(157, 157, 9, '2022-06-06', NULL, 1),
(158, 158, 10, '2021-11-01', NULL, 1),
(159, 159, 12, '2020-08-03', NULL, 1),
(160, 160, 12, '2021-07-05', NULL, 1),
(161, 161, 12, '2022-01-10', NULL, 1),
(162, 162, 13, '2022-04-04', NULL, 1),
(163, 163, 14, '2021-06-07', NULL, 1),
(164, 164, 15, '2020-10-01', NULL, 1),
(165, 165, 16, '2021-03-01', NULL, 1),
(166, 166, 17, '2022-02-07', NULL, 1),
(167, 167, 19, '2021-09-06', NULL, 1),
(168, 168, 20, '2022-03-14', NULL, 1),
(169, 169, 9, '2021-05-03', NULL, 1),
(170, 170, 9, '2022-09-05', NULL, 1),
(171, 171, 10, '2021-01-04', NULL, 1),
(172, 172, 12, '2020-06-01', NULL, 1),
(173, 173, 12, '2021-04-06', NULL, 1),
(174, 174, 13, '2022-01-10', NULL, 1),
(175, 175, 14, '2021-08-02', NULL, 1),
(176, 176, 15, '2022-06-06', NULL, 1),
(177, 177, 16, '2021-11-01', NULL, 1),
(178, 178, 17, '2020-07-01', NULL, 1),
(179, 179, 9, '2021-03-01', NULL, 1),
(180, 180, 9, '2022-01-10', NULL, 1),
(181, 181, 10, '2021-07-05', NULL, 1),
(182, 182, 12, '2020-09-01', NULL, 1),
(183, 183, 12, '2021-04-06', NULL, 1),
(184, 184, 13, '2022-02-07', NULL, 1),
(185, 185, 14, '2021-09-06', NULL, 1),
(186, 186, 15, '2020-11-02', NULL, 1),
(187, 187, 19, '2022-03-14', NULL, 1),
(188, 188, 20, '2021-06-07', NULL, 1),
(189, 189, 20, '2022-05-09', NULL, 1),
(190, 190, 20, '2021-01-04', NULL, 1),
(191, 191, 17, '2022-04-04', NULL, 1),
(192, 192, 18, '2021-10-04', NULL, 1),
(193, 193, 8, '2019-06-03', NULL, 1),
(194, 194, 8, '2020-02-10', NULL, 1),
(195, 195, 14, '2022-07-11', NULL, 1),
(196, 196, 15, '2021-03-01', NULL, 1),
(197, 197, 16, '2022-01-10', NULL, 1),
(198, 198, 9, '2023-02-06', NULL, 1),
(199, 199, 12, '2023-03-01', NULL, 1),
(200, 200, 20, '2023-04-03', NULL, 1),
(201, 10, 20, '2017-01-10', '2019-01-14', 0),
(202, 19, 20, '2017-06-01', '2019-06-01', 0),
(203, 6, 9, '2014-03-01', '2017-05-01', 0),
(204, 7, 9, '2016-01-10', '2019-03-15', 0),
(205, 8, 12, '2012-09-01', '2016-11-01', 0),
(206, 2, 9, '2012-06-01', '2016-06-15', 0),
(207, 25, 9, '2015-02-02', '2018-04-01', 0),
(208, 69, 16, '2015-04-06', '2018-06-04', 0),
(209, 57, 20, '2015-01-05', '2018-08-01', 0);
GO

INSERT INTO [concessionario] (id, nome, telefone, email, morada, codigo_postal, id_freguesia, area_total, id_responsavel, nif) VALUES
(1, 'AutoLisboa', '911111111', 'lisboa@autolisboa.pt', 'Rua A', '1000-001', 1, 1200, 101, '510000001'),
(2, 'AutoPorto', '922222222', 'porto@autoporto.pt', 'Rua B', '4000-001', 2, 1500, 102, '510000002'),
(3, 'AutoBraga', '933333333', 'braga@autobraga.pt', 'Rua C', '4700-001', 3, 1100, 103, '510000003'),
(4, 'AutoCoimbra', '944444444', 'coimbra@autocoimbra.pt', 'Rua D', '3000-001', 4, 1000, 104, '510000004'),
(5, 'AutoFaro', '955555555', 'faro@autofaro.pt', 'Rua E', '8000-001', 5, 900, 105, '510000005');
GO

INSERT INTO [armazem] (id, nome, id_concessionario, area_total, id_responsavel) VALUES
(1, 'Armazem_LX_1', 1, 500, 101),
(2, 'Armazem_LX_2', 2, 600, 102),
(3, 'Armazem_PT_1', 3, 700, 103),
(4, 'Armazem_BR_1', 4, 550, 104),
(5, 'Armazem_CB_1', 5, 450, 105);
GO

INSERT INTO [oficina] (id, nome, id_concessionario, area_total, id_responsavel) VALUES
(1, 'Oficina_LX_Principal', 1, 400.5, 201),
(2, 'Oficina_Porto_Norte', 2, 350.0, 202),
(3, 'Oficina_Braga_Centro', 3, 300.75, 203),
(4, 'Oficina_Coimbra_Sul', 4, 280.0, 204),
(5, 'Oficina_Faro_Geral', 5, 320.5, 205);
GO

INSERT INTO [produto] (id, nome, SKU, UPC, id_marca, id_subcategoria, preco_unitario) VALUES
(1, 'Filtro Oleo', 'SKU001', 100001, 1, 1, 15.5),
(2, 'Filtro Ar', 'SKU002', 100002, 1, 1, 12.0),
(3, 'Pistao A', 'SKU003', 100003, 3, 1, 45.0),
(12, 'Filtro Combustivel', 'SKU012', 100012, 1, 1, 18.0),
(13, 'Pistao B', 'SKU013', 100013, 3, 1, 50.0),
(22, 'Filtro Performance', 'SKU022', 100022, 1, 1, 22.0),
(23, 'Pistao C', 'SKU023', 100023, 3, 1, 48.0),
(32, 'Filtro Diesel', 'SKU032', 100032, 1, 1, 20.0),
(33, 'Pistao D', 'SKU033', 100033, 3, 1, 52.0),
(42, 'Filtro Racing', 'SKU042', 100042, 1, 1, 25.0),
(43, 'Pistao E', 'SKU043', 100043, 3, 1, 55.0),
(4, 'Disco Travão', 'SKU004', 100004, 4, 2, 60.0),
(5, 'Pastilha Travão', 'SKU005', 100005, 4, 2, 30.0),
(14, 'Disco Travão B', 'SKU014', 100014, 4, 2, 65.0),
(15, 'Pastilha B', 'SKU015', 100015, 4, 2, 35.0),
(24, 'Disco Premium', 'SKU024', 100024, 4, 2, 75.0),
(25, 'Pastilha Premium', 'SKU025', 100025, 4, 2, 45.0),
(34, 'Disco Carbono', 'SKU034', 100034, 4, 2, 90.0),
(35, 'Pastilha Carbono', 'SKU035', 100035, 4, 2, 55.0),
(44, 'Disco Ventilado', 'SKU044', 100044, 4, 2, 85.0),
(45, 'Pastilha Ventilada', 'SKU045', 100045, 4, 2, 50.0),
(6, 'Amortecedor X', 'SKU006', 100006, 5, 3, 120.0),
(7, 'Mola Suspensao', 'SKU007', 100007, 5, 3, 80.0),
(16, 'Amortecedor Y', 'SKU016', 100016, 5, 3, 125.0),
(17, 'Mola Reforcada', 'SKU017', 100017, 5, 3, 85.0),
(26, 'Amortecedor Z', 'SKU026', 100026, 5, 3, 130.0),
(27, 'Mola Desportiva', 'SKU027', 100027, 5, 3, 90.0),
(36, 'Amortecedor Offroad', 'SKU036', 100036, 5, 3, 140.0),
(37, 'Mola Offroad', 'SKU037', 100037, 5, 3, 95.0),
(46, 'Amortecedor Sport', 'SKU046', 100046, 5, 3, 135.0),
(47, 'Mola Sport', 'SKU047', 100047, 5, 3, 88.0),
(8, 'Bateria 60Ah', 'SKU008', 100008, 2, 4, 95.0),
(9, 'Sensor Temperatura', 'SKU009', 100009, 2, 4, 40.0),
(18, 'Bateria 70Ah', 'SKU018', 100018, 2, 4, 105.0),
(19, 'Sensor ABS', 'SKU019', 100019, 2, 4, 55.0),
(28, 'Bateria 80Ah', 'SKU028', 100028, 2, 4, 115.0),
(29, 'Sensor Pressao', 'SKU029', 100029, 2, 4, 50.0),
(38, 'Bateria 90Ah', 'SKU038', 100038, 2, 4, 130.0),
(39, 'Sensor Velocidade', 'SKU039', 100039, 2, 4, 60.0),
(48, 'Bateria Gel', 'SKU048', 100048, 2, 4, 140.0),
(49, 'Sensor Combustivel', 'SKU049', 100049, 2, 4, 65.0),
(10, 'Banco Frente', 'SKU010', 100010, 1, 5, 150.0),
(11, 'Volante Sport', 'SKU011', 100011, 1, 5, 130.0),
(20, 'Banco Traseiro', 'SKU020', 100020, 1, 5, 140.0),
(21, 'Volante Classico', 'SKU021', 100021, 1, 5, 120.0),
(30, 'Banco Couro', 'SKU030', 100030, 1, 5, 200.0),
(31, 'Volante Racing', 'SKU031', 100031, 1, 5, 160.0),
(40, 'Banco Desportivo', 'SKU040', 100040, 1, 5, 210.0),
(41, 'Volante Luxo', 'SKU041', 100041, 1, 5, 180.0),
(50, 'Banco Premium', 'SKU050', 100050, 1, 5, 220.0);
GO

INSERT INTO [entrada] (id, id_produto, id_trabalhador, id_fornecedor, id_armazem, data_hora, quantidade, identificador_documento) VALUES
(1, 1, 1, 1, 1, '2024-01-02 08:30:00', 50, 'ENT-001'),
(2, 2, 2, 2, 2, '2024-01-02 09:15:00', 30, 'ENT-002'),
(3, 3, 3, 3, 3, '2024-01-02 10:00:00', 15, 'ENT-003'),
(4, 4, 4, 4, 4, '2024-01-03 11:45:00', 20, 'ENT-004'),
(5, 5, 5, 5, 5, '2024-01-03 14:20:00', 100, 'ENT-005'),
(6, 6, 6, 6, 1, '2024-01-03 16:05:00', 45, 'ENT-006'),
(7, 7, 7, 7, 2, '2024-01-04 09:00:00', 60, 'ENT-007'),
(8, 8, 8, 8, 3, '2024-01-04 10:30:00', 25, 'ENT-008'),
(9, 9, 9, 9, 4, '2024-01-04 13:50:00', 12, 'ENT-009'),
(10, 10, 10, 10, 5, '2024-01-04 15:10:00', 80, 'ENT-010'),
(11, 11, 11, 11, 1, '2024-01-05 08:45:00', 35, 'ENT-011'),
(12, 12, 12, 12, 2, '2024-01-05 10:20:00', 55, 'ENT-012'),
(13, 13, 13, 13, 3, '2024-01-05 11:55:00', 22, 'ENT-013'),
(14, 14, 14, 14, 4, '2024-01-06 14:10:00', 90, 'ENT-014'),
(15, 15, 15, 15, 5, '2024-01-06 16:30:00', 18, 'ENT-015'),
(16, 17, 16, 16, 1, '2024-01-07 09:25:00', 75, 'ENT-016'),
(17, 17, 17, 17, 2, '2024-01-07 11:00:00', 40, 'ENT-017'),
(18, 18, 18, 18, 3, '2024-01-07 13:40:00', 120, 'ENT-018'),
(19, 19, 19, 19, 4, '2024-01-08 15:15:00', 65, 'ENT-019'),
(20, 20, 20, 20, 5, '2024-01-08 16:50:00', 30, 'ENT-020'),
(21, 21, 21, 21, 1, '2024-01-09 08:15:00', 14, 'ENT-021'),
(22, 22, 22, 22, 2, '2024-01-09 09:40:00', 28, 'ENT-022'),
(23, 23, 23, 23, 3, '2024-01-09 11:10:00', 44, 'ENT-023'),
(24, 24, 24, 24, 4, '2024-01-10 14:25:00', 10, 'ENT-024'),
(25, 25, 25, 25, 5, '2024-01-10 16:00:00', 33, 'ENT-025'),
(26, 26, 26, 26, 1, '2024-01-11 10:00:00', 15, 'ENT-026'),
(27, 27, 27, 27, 2, '2024-01-11 11:30:00', 40, 'ENT-027'),
(28, 28, 28, 28, 3, '2024-01-11 14:00:00', 22, 'ENT-028'),
(29, 29, 29, 29, 4, '2024-01-12 09:15:00', 50, 'ENT-029'),
(30, 30, 30, 30, 5, '2024-01-12 10:45:00', 12, 'ENT-030'),
(31, 31, 31, 1, 1, '2024-01-12 14:20:00', 18, 'ENT-031'),
(32, 32, 32, 2, 2, '2024-01-13 08:30:00', 45, 'ENT-032'),
(33, 33, 33, 3, 3, '2024-01-13 10:00:00', 30, 'ENT-033'),
(34, 34, 34, 4, 4, '2024-01-13 11:15:00', 10, 'ENT-034'),
(35, 35, 35, 5, 5, '2024-01-14 09:50:00', 90, 'ENT-035'),
(36, 36, 36, 6, 1, '2024-01-14 14:30:00', 25, 'ENT-036'),
(37, 37, 37, 7, 2, '2024-01-14 16:00:00', 14, 'ENT-037'),
(38, 38, 38, 8, 3, '2024-01-15 08:45:00', 60, 'ENT-038'),
(39, 39, 39, 9, 4, '2024-01-15 11:20:00', 33, 'ENT-039'),
(40, 40, 40, 10, 5, '2024-01-15 15:10:00', 20, 'ENT-040'),
(41, 41, 41, 11, 1, '2024-01-16 09:00:00', 15, 'ENT-041'),
(42, 42, 42, 12, 2, '2024-01-16 10:30:00', 40, 'ENT-042'),
(43, 43, 43, 13, 3, '2024-01-16 14:40:00', 10, 'ENT-043'),
(44, 44, 44, 14, 4, '2024-01-17 08:15:00', 80, 'ENT-044'),
(45, 45, 45, 15, 5, '2024-01-17 11:10:00', 120, 'ENT-045'),
(46, 46, 46, 16, 1, '2024-01-17 16:00:00', 50, 'ENT-046'),
(47, 47, 47, 17, 2, '2024-01-18 09:20:00', 30, 'ENT-047'),
(48, 48, 48, 18, 3, '2024-01-18 11:45:00', 25, 'ENT-048'),
(49, 49, 49, 19, 4, '2024-01-18 14:30:00', 18, 'ENT-049'),
(50, 50, 50, 20, 5, '2024-01-19 10:00:00', 45, 'ENT-050'),
(51, 1, 51, 21, 1, '2024-01-19 11:50:00', 60, 'ENT-051'),
(52, 2, 52, 22, 2, '2024-01-19 15:15:00', 35, 'ENT-052'),
(53, 3, 53, 23, 3, '2024-01-20 08:40:00', 22, 'ENT-053'),
(54, 4, 54, 24, 4, '2024-01-20 10:20:00', 10, 'ENT-054'),
(55, 5, 55, 25, 5, '2024-01-20 14:05:00', 15, 'ENT-055'),
(56, 6, 56, 26, 1, '2024-01-21 09:30:00', 40, 'ENT-056'),
(57, 7, 57, 27, 2, '2024-01-21 11:45:00', 50, 'ENT-057'),
(58, 8, 58, 28, 3, '2024-01-21 16:20:00', 100, 'ENT-058'),
(59, 9, 59, 29, 4, '2024-01-22 08:15:00', 12, 'ENT-059'),
(60, 10, 60, 30, 5, '2024-01-22 10:50:00', 33, 'ENT-060'),
(61, 11, 61, 1, 1, '2024-01-22 14:40:00', 80, 'ENT-061'),
(62, 12, 62, 2, 2, '2024-01-23 09:20:00', 25, 'ENT-062'),
(63, 13, 63, 3, 3, '2024-01-23 11:10:00', 14, 'ENT-063'),
(64, 14, 64, 4, 4, '2024-01-23 15:30:00', 60, 'ENT-064'),
(65, 15, 65, 5, 5, '2024-01-24 08:50:00', 45, 'ENT-065'),
(66, 16, 66, 6, 1, '2024-01-24 10:15:00', 20, 'ENT-066'),
(67, 17, 67, 7, 2, '2024-01-24 14:00:00', 55, 'ENT-067'),
(68, 18, 68, 8, 3, '2024-01-25 09:45:00', 10, 'ENT-068'),
(69, 19, 69, 9, 4, '2024-01-25 11:25:00', 40, 'ENT-069'),
(70, 20, 70, 10, 5, '2024-01-25 16:40:00', 30, 'ENT-070'),
(71, 21, 71, 11, 1, '2024-01-26 08:30:00', 15, 'ENT-071'),
(72, 22, 72, 12, 2, '2024-01-26 10:00:00', 90, 'ENT-072'),
(73, 23, 73, 13, 3, '2024-01-26 14:20:00', 50, 'ENT-073'),
(74, 24, 74, 14, 4, '2024-01-27 09:10:00', 22, 'ENT-074'),
(75, 25, 75, 15, 5, '2024-01-27 11:55:00', 18, 'ENT-075'),
(76, 26, 76, 16, 1, '2024-01-27 15:40:00', 60, 'ENT-076'),
(77, 27, 77, 17, 2, '2024-01-28 08:45:00', 35, 'ENT-077'),
(78, 28, 78, 18, 3, '2024-01-28 10:30:00', 12, 'ENT-078'),
(79, 29, 79, 19, 4, '2024-01-28 14:15:00', 25, 'ENT-079'),
(80, 30, 80, 20, 5, '2024-01-29 09:50:00', 10, 'ENT-080'),
(81, 31, 81, 21, 1, '2024-01-29 11:20:00', 44, 'ENT-081'),
(82, 32, 82, 22, 2, '2024-01-29 16:00:00', 80, 'ENT-082'),
(83, 33, 83, 23, 3, '2024-01-30 08:20:00', 55, 'ENT-083'),
(84, 34, 84, 24, 4, '2024-01-30 10:40:00', 30, 'ENT-084'),
(85, 35, 85, 25, 5, '2024-01-30 14:50:00', 15, 'ENT-085'),
(86, 36, 86, 26, 1, '2024-01-31 09:15:00', 40, 'ENT-086'),
(87, 37, 87, 27, 2, '2024-01-31 11:30:00', 20, 'ENT-087'),
(88, 38, 88, 28, 3, '2024-01-31 15:25:00', 10, 'ENT-088'),
(89, 39, 89, 29, 4, '2024-02-01 08:40:00', 50, 'ENT-089'),
(90, 40, 90, 30, 5, '2024-02-01 10:20:00', 120, 'ENT-090'),
(91, 41, 91, 1, 1, '2024-02-01 14:00:00', 65, 'ENT-091'),
(92, 42, 92, 2, 2, '2024-02-02 09:30:00', 18, 'ENT-092'),
(93, 43, 93, 3, 3, '2024-02-02 11:50:00', 40, 'ENT-093'),
(94, 44, 94, 4, 4, '2024-02-02 16:15:00', 25, 'ENT-094'),
(95, 45, 95, 5, 5, '2024-02-03 08:55:00', 14, 'ENT-095'),
(96, 46, 96, 6, 1, '2024-02-03 10:45:00', 60, 'ENT-096'),
(97, 47, 97, 7, 2, '2024-02-03 14:30:00', 33, 'ENT-097'),
(98, 48, 98, 8, 3, '2024-02-04 09:10:00', 10, 'ENT-098'),
(99, 49, 99, 9, 4, '2024-02-04 11:00:00', 90, 'ENT-099'),
(100, 50, 100, 10, 5, '2024-02-04 15:40:00', 15, 'ENT-100'),
(101, 1, 101, 11, 1, '2024-02-05 08:30:00', 40, 'ENT-101'),
(102, 2, 102, 12, 2, '2024-02-05 10:15:00', 25, 'ENT-102'),
(103, 3, 103, 13, 3, '2024-02-05 14:00:00', 60, 'ENT-103'),
(104, 4, 104, 14, 4, '2024-02-06 09:45:00', 12, 'ENT-104'),
(105, 5, 105, 15, 5, '2024-02-06 11:20:00', 80, 'ENT-105'),
(106, 6, 106, 16, 1, '2024-02-06 15:50:00', 30, 'ENT-106'),
(107, 7, 107, 17, 2, '2024-02-07 08:15:00', 45, 'ENT-107'),
(108, 8, 108, 18, 3, '2024-02-07 10:30:00', 20, 'ENT-108'),
(109, 9, 109, 19, 4, '2024-02-07 14:10:00', 55, 'ENT-109'),
(110, 10, 110, 20, 5, '2024-02-08 09:00:00', 10, 'ENT-110'),
(111, 11, 111, 21, 1, '2024-02-08 11:45:00', 100, 'ENT-111'),
(112, 12, 112, 22, 2, '2024-02-08 16:30:00', 15, 'ENT-112'),
(113, 13, 113, 23, 3, '2024-02-09 08:40:00', 44, 'ENT-113'),
(114, 14, 114, 24, 4, '2024-02-09 10:55:00', 18, 'ENT-114'),
(115, 15, 115, 25, 5, '2024-02-09 15:15:00', 60, 'ENT-115'),
(116, 16, 116, 26, 1, '2024-02-10 09:20:00', 35, 'ENT-116'),
(117, 17, 117, 27, 2, '2024-02-10 11:10:00', 12, 'ENT-117'),
(118, 18, 118, 28, 3, '2024-02-10 14:40:00', 25, 'ENT-118'),
(119, 19, 119, 29, 4, '2024-02-11 10:00:00', 90, 'ENT-119'),
(120, 20, 120, 30, 5, '2024-02-11 11:50:00', 50, 'ENT-120'),
(121, 21, 121, 1, 1, '2024-02-11 16:00:00', 22, 'ENT-121'),
(122, 22, 122, 2, 2, '2024-02-12 08:30:00', 14, 'ENT-122'),
(123, 23, 123, 3, 3, '2024-02-12 10:20:00', 80, 'ENT-123'),
(124, 24, 124, 4, 4, '2024-02-12 14:45:00', 45, 'ENT-124'),
(125, 25, 125, 5, 5, '2024-02-13 09:15:00', 30, 'ENT-125'),
(126, 26, 126, 6, 1, '2024-02-13 11:30:00', 20, 'ENT-126'),
(127, 27, 127, 7, 2, '2024-02-13 15:20:00', 55, 'ENT-127'),
(128, 28, 128, 8, 3, '2024-02-14 08:45:00', 10, 'ENT-128'),
(129, 29, 129, 9, 4, '2024-02-14 10:50:00', 120, 'ENT-129'),
(130, 30, 130, 10, 5, '2024-02-14 14:00:00', 65, 'ENT-130'),
(131, 31, 131, 11, 1, '2024-02-15 09:30:00', 15, 'ENT-131'),
(132, 32, 132, 12, 2, '2024-02-15 11:00:00', 40, 'ENT-132'),
(133, 33, 133, 13, 3, '2024-02-15 16:15:00', 28, 'ENT-133'),
(134, 34, 134, 14, 4, '2024-02-16 08:55:00', 10, 'ENT-134'),
(135, 35, 135, 15, 5, '2024-02-16 10:45:00', 33, 'ENT-135'),
(136, 36, 136, 16, 1, '2024-02-16 14:30:00', 60, 'ENT-136'),
(137, 37, 137, 17, 2, '2024-02-17 09:20:00', 22, 'ENT-137'),
(138, 38, 138, 18, 3, '2024-02-17 11:45:00', 50, 'ENT-138'),
(139, 39, 139, 19, 4, '2024-02-17 15:40:00', 14, 'ENT-139'),
(140, 40, 140, 20, 5, '2024-02-18 08:30:00', 10, 'ENT-140'),
(141, 41, 141, 21, 1, '2024-02-18 10:15:00', 90, 'ENT-141'),
(142, 42, 142, 22, 2, '2024-02-18 14:20:00', 44, 'ENT-142'),
(143, 43, 143, 23, 3, '2024-02-19 09:50:00', 18, 'ENT-143'),
(144, 44, 144, 24, 4, '2024-02-19 11:20:00', 25, 'ENT-144'),
(145, 45, 145, 25, 5, '2024-02-19 16:00:00', 60, 'ENT-145'),
(146, 46, 146, 26, 1, '2024-02-20 08:15:00', 35, 'ENT-146'),
(147, 47, 147, 27, 2, '2024-02-20 10:30:00', 12, 'ENT-147'),
(148, 48, 148, 28, 3, '2024-02-20 14:15:00', 80, 'ENT-148'),
(149, 49, 149, 29, 4, '2024-02-21 09:40:00', 55, 'ENT-149'),
(150, 50, 150, 30, 5, '2024-02-21 11:10:00', 15, 'ENT-150'),
(151, 1, 151, 1, 1, '2024-02-21 15:30:00', 40, 'ENT-151'),
(152, 2, 152, 2, 2, '2024-02-22 08:50:00', 25, 'ENT-152'),
(153, 3, 153, 3, 3, '2024-02-22 10:15:00', 14, 'ENT-153'),
(154, 4, 154, 4, 4, '2024-02-22 14:00:00', 60, 'ENT-154'),
(155, 5, 155, 5, 5, '2024-02-23 09:45:00', 45, 'ENT-155'),
(156, 6, 156, 6, 1, '2024-02-23 11:25:00', 20, 'ENT-156'),
(157, 7, 157, 7, 2, '2024-02-23 16:40:00', 55, 'ENT-157'),
(158, 8, 158, 8, 3, '2024-02-24 08:30:00', 10, 'ENT-158'),
(159, 9, 159, 9, 4, '2024-02-24 10:00:00', 40, 'ENT-159'),
(160, 10, 160, 10, 5, '2024-02-24 14:20:00', 30, 'ENT-160'),
(161, 11, 161, 11, 1, '2024-02-25 09:10:00', 15, 'ENT-161'),
(162, 12, 162, 12, 2, '2024-02-25 11:55:00', 90, 'ENT-161'),
(163, 13, 163, 13, 3, '2024-02-25 15:40:00', 50, 'ENT-163'),
(164, 14, 164, 14, 4, '2024-02-26 08:45:00', 22, 'ENT-164'),
(165, 15, 165, 15, 5, '2024-02-26 10:30:00', 18, 'ENT-165'),
(166, 16, 166, 16, 1, '2024-02-26 14:15:00', 60, 'ENT-166'),
(167, 17, 167, 17, 2, '2024-02-27 09:50:00', 35, 'ENT-167'),
(168, 18, 168, 18, 3, '2024-02-27 11:20:00', 12, 'ENT-168'),
(169, 19, 169, 19, 4, '2024-02-27 16:00:00', 25, 'ENT-169'),
(170, 20, 170, 20, 5, '2024-02-28 08:20:00', 10, 'ENT-170'),
(171, 21, 171, 21, 1, '2024-02-28 10:40:00', 44, 'ENT-171'),
(172, 22, 172, 22, 2, '2024-02-28 14:50:00', 80, 'ENT-172'),
(173, 23, 173, 23, 3, '2024-02-29 09:15:00', 55, 'ENT-173'),
(174, 24, 174, 24, 4, '2024-02-29 11:30:00', 30, 'ENT-174'),
(175, 25, 175, 25, 5, '2024-02-29 15:25:00', 15, 'ENT-175'),
(176, 26, 176, 26, 1, '2024-03-01 08:40:00', 40, 'ENT-176'),
(177, 27, 177, 27, 2, '2024-03-01 10:20:00', 20, 'ENT-177'),
(178, 28, 178, 28, 3, '2024-03-01 14:00:00', 10, 'ENT-178'),
(179, 29, 179, 29, 4, '2024-03-02 09:30:00', 50, 'ENT-179'),
(180, 30, 180, 30, 5, '2024-03-02 11:50:00', 120, 'ENT-180'),
(181, 31, 181, 1, 1, '2024-03-02 16:15:00', 65, 'ENT-181'),
(182, 32, 182, 2, 2, '2024-03-03 08:55:00', 18, 'ENT-182'),
(183, 33, 183, 3, 3, '2024-03-03 10:45:00', 40, 'ENT-183'),
(184, 34, 184, 4, 4, '2024-03-03 14:30:00', 25, 'ENT-184'),
(185, 35, 185, 5, 5, '2024-03-04 09:10:00', 14, 'ENT-185'),
(186, 36, 186, 6, 1, '2024-03-04 11:00:00', 60, 'ENT-186'),
(187, 37, 187, 7, 2, '2024-03-04 15:40:00', 33, 'ENT-187'),
(188, 38, 188, 8, 3, '2024-03-05 08:30:00', 10, 'ENT-188'),
(189, 39, 189, 9, 4, '2024-03-05 10:15:00', 90, 'ENT-189'),
(190, 40, 190, 10, 5, '2024-03-05 14:00:00', 15, 'ENT-190'),
(191, 41, 191, 11, 1, '2024-03-06 09:45:00', 40, 'ENT-191'),
(192, 42, 192, 12, 2, '2024-03-06 11:20:00', 25, 'ENT-192'),
(193, 43, 193, 13, 3, '2024-03-06 15:50:00', 60, 'ENT-193'),
(194, 44, 194, 14, 4, '2024-03-07 08:15:00', 12, 'ENT-194'),
(195, 45, 195, 15, 5, '2024-03-07 10:30:00', 80, 'ENT-195'),
(196, 46, 196, 16, 1, '2024-03-07 14:10:00', 30, 'ENT-196'),
(197, 47, 197, 17, 2, '2024-03-08 09:00:00', 45, 'ENT-197'),
(198, 48, 198, 18, 3, '2024-03-08 11:45:00', 20, 'ENT-198'),
(199, 49, 199, 19, 4, '2024-03-08 16:30:00', 55, 'ENT-199'),
(200, 50, 200, 20, 5, '2024-03-09 08:40:00', 10, 'ENT-200'),
(201, 1, 1, 21, 1, '2024-03-09 10:55:00', 100, 'ENT-201'),
(202, 2, 2, 22, 2, '2024-03-09 15:15:00', 15, 'ENT-202'),
(203, 3, 3, 23, 3, '2024-03-10 09:20:00', 44, 'ENT-203'),
(204, 4, 4, 24, 4, '2024-03-10 11:10:00', 18, 'ENT-204'),
(205, 5, 5, 25, 5, '2024-03-10 14:40:00', 60, 'ENT-205'),
(206, 6, 6, 26, 1, '2024-03-11 10:00:00', 35, 'ENT-206'),
(207, 7, 7, 27, 2, '2024-03-11 11:50:00', 12, 'ENT-207'),
(208, 8, 8, 28, 3, '2024-03-11 16:00:00', 25, 'ENT-208'),
(209, 9, 9, 29, 4, '2024-03-12 08:30:00', 90, 'ENT-209'),
(210, 10, 10, 30, 5, '2024-03-12 10:20:00', 50, 'ENT-210'),
(211, 11, 11, 1, 1, '2024-03-12 14:45:00', 22, 'ENT-211'),
(212, 12, 12, 2, 2, '2024-03-13 09:15:00', 14, 'ENT-212'),
(213, 13, 13, 3, 3, '2024-03-13 11:30:00', 80, 'ENT-213'),
(214, 14, 14, 4, 4, '2024-03-13 15:20:00', 45, 'ENT-214'),
(215, 15, 15, 5, 5, '2024-03-14 08:45:00', 30, 'ENT-215'),
(216, 16, 16, 6, 1, '2024-03-14 10:50:00', 20, 'ENT-216'),
(217, 17, 17, 7, 2, '2024-03-14 14:00:00', 55, 'ENT-217'),
(218, 18, 18, 8, 3, '2024-03-15 09:30:00', 10, 'ENT-218'),
(219, 19, 19, 9, 4, '2024-03-15 11:00:00', 120, 'ENT-219'),
(220, 20, 20, 10, 5, '2024-03-15 16:15:00', 65, 'ENT-220'),
(221, 21, 21, 11, 1, '2024-03-16 08:55:00', 15, 'ENT-221'),
(222, 22, 22, 12, 2, '2024-03-16 10:45:00', 40, 'ENT-222'),
(223, 23, 23, 13, 3, '2024-03-16 14:30:00', 28, 'ENT-223'),
(224, 24, 24, 14, 4, '2024-03-17 09:20:00', 10, 'ENT-224'),
(225, 25, 25, 15, 5, '2024-03-17 11:45:00', 33, 'ENT-225'),
(226, 26, 26, 16, 1, '2024-03-17 15:40:00', 60, 'ENT-226'),
(227, 27, 27, 17, 2, '2024-03-18 08:30:00', 22, 'ENT-227'),
(228, 28, 28, 18, 3, '2024-03-18 10:15:00', 50, 'ENT-228'),
(229, 29, 29, 19, 4, '2024-03-18 14:20:00', 14, 'ENT-229'),
(230, 30, 30, 20, 5, '2024-03-19 09:50:00', 10, 'ENT-230'),
(231, 31, 31, 21, 1, '2024-03-19 11:20:00', 90, 'ENT-231'),
(232, 32, 32, 22, 2, '2024-03-19 16:00:00', 44, 'ENT-232'),
(233, 33, 33, 23, 3, '2024-03-20 08:15:00', 18, 'ENT-233'),
(234, 34, 34, 24, 4, '2024-03-20 10:30:00', 25, 'ENT-234'),
(235, 35, 35, 25, 5, '2024-03-20 14:15:00', 60, 'ENT-235'),
(236, 36, 36, 26, 1, '2024-03-21 09:40:00', 35, 'ENT-236'),
(237, 37, 37, 27, 2, '2024-03-21 11:10:00', 12, 'ENT-237'),
(238, 38, 38, 28, 3, '2024-03-21 15:30:00', 80, 'ENT-238'),
(239, 39, 39, 29, 4, '2024-03-22 08:50:00', 55, 'ENT-239'),
(240, 40, 40, 30, 5, '2024-03-22 10:15:00', 15, 'ENT-240'),
(241, 41, 41, 1, 1, '2024-03-22 14:00:00', 40, 'ENT-241'),
(242, 42, 42, 2, 2, '2024-03-23 09:45:00', 25, 'ENT-242'),
(243, 43, 43, 3, 3, '2024-03-23 11:25:00', 14, 'ENT-243'),
(244, 44, 44, 4, 4, '2024-03-23 16:40:00', 60, 'ENT-244'),
(245, 45, 45, 5, 5, '2024-03-24 08:30:00', 45, 'ENT-245'),
(246, 46, 46, 6, 1, '2024-03-24 10:00:00', 20, 'ENT-246'),
(247, 47, 47, 7, 2, '2024-03-24 14:20:00', 55, 'ENT-247'),
(248, 48, 48, 8, 3, '2024-03-25 09:10:00', 10, 'ENT-248'),
(249, 49, 49, 9, 4, '2024-03-25 11:55:00', 40, 'ENT-249'),
(250, 50, 50, 10, 5, '2024-03-25 15:40:00', 30, 'ENT-250'),
(251, 1, 51, 11, 1, '2024-03-26 08:45:00', 15, 'ENT-251'),
(252, 2, 52, 12, 2, '2024-03-26 10:30:00', 90, 'ENT-252'),
(253, 3, 53, 13, 3, '2024-03-26 14:15:00', 50, 'ENT-253'),
(254, 4, 54, 14, 4, '2024-03-27 09:50:00', 22, 'ENT-254'),
(255, 5, 55, 15, 5, '2024-03-27 11:20:00', 18, 'ENT-255'),
(256, 6, 56, 16, 1, '2024-03-27 16:00:00', 60, 'ENT-256'),
(257, 7, 57, 17, 2, '2024-03-28 08:20:00', 35, 'ENT-257'),
(258, 8, 58, 18, 3, '2024-03-28 10:40:00', 12, 'ENT-258'),
(259, 9, 59, 19, 4, '2024-03-28 14:50:00', 25, 'ENT-259'),
(260, 10, 60, 20, 5, '2024-03-29 09:15:00', 10, 'ENT-260'),
(261, 11, 61, 21, 1, '2024-03-29 11:30:00', 44, 'ENT-261'),
(262, 12, 62, 22, 2, '2024-03-29 15:25:00', 80, 'ENT-262'),
(263, 13, 63, 23, 3, '2024-03-30 08:40:00', 55, 'ENT-263'),
(264, 14, 64, 24, 4, '2024-03-30 10:20:00', 30, 'ENT-264'),
(265, 15, 65, 25, 5, '2024-03-30 14:00:00', 15, 'ENT-265'),
(266, 16, 66, 26, 1, '2024-03-31 09:30:00', 40, 'ENT-266'),
(267, 17, 67, 27, 2, '2024-03-31 11:50:00', 20, 'ENT-267'),
(268, 18, 68, 28, 3, '2024-03-31 16:15:00', 10, 'ENT-268'),
(269, 19, 69, 29, 4, '2024-04-01 08:55:00', 50, 'ENT-269'),
(270, 20, 70, 30, 5, '2024-04-01 10:45:00', 120, 'ENT-270'),
(271, 21, 71, 1, 1, '2024-04-01 14:30:00', 65, 'ENT-271'),
(272, 22, 72, 2, 2, '2024-04-02 09:10:00', 18, 'ENT-272'),
(273, 23, 73, 3, 3, '2024-04-02 11:00:00', 40, 'ENT-273'),
(274, 24, 74, 4, 4, '2024-04-02 15:40:00', 25, 'ENT-274'),
(275, 25, 75, 5, 5, '2024-04-03 08:30:00', 14, 'ENT-275'),
(276, 26, 76, 6, 1, '2024-04-03 10:15:00', 60, 'ENT-276'),
(277, 27, 77, 7, 2, '2024-04-03 14:00:00', 33, 'ENT-277'),
(278, 28, 78, 8, 3, '2024-04-04 09:45:00', 10, 'ENT-278'),
(279, 29, 79, 9, 4, '2024-04-04 11:20:00', 90, 'ENT-279'),
(280, 30, 80, 10, 5, '2024-04-04 15:50:00', 15, 'ENT-280'),
(281, 31, 181, 11, 1, '2024-04-05 08:15:00', 40, 'ENT-281'),
(282, 32, 182, 12, 2, '2024-04-05 10:30:00', 25, 'ENT-282'),
(283, 33, 183, 13, 3, '2024-04-05 14:10:00', 60, 'ENT-283'),
(284, 34, 184, 14, 4, '2024-04-06 09:00:00', 12, 'ENT-284'),
(285, 35, 185, 15, 5, '2024-04-06 11:45:00', 80, 'ENT-285'),
(286, 36, 186, 16, 1, '2024-04-06 16:30:00', 30, 'ENT-286'),
(287, 37, 187, 17, 2, '2024-04-07 08:40:00', 45, 'ENT-287'),
(288, 38, 188, 18, 3, '2024-04-07 10:55:00', 20, 'ENT-288'),
(289, 39, 189, 19, 4, '2024-04-07 15:15:00', 55, 'ENT-289'),
(290, 40, 190, 20, 5, '2024-04-08 09:20:00', 10, 'ENT-290'),
(291, 41, 191, 21, 1, '2024-04-08 11:10:00', 100, 'ENT-291'),
(292, 42, 192, 22, 2, '2024-04-08 14:40:00', 15, 'ENT-292'),
(293, 43, 193, 23, 3, '2024-04-09 10:00:00', 44, 'ENT-293'),
(294, 44, 194, 24, 4, '2024-04-09 11:50:00', 18, 'ENT-294'),
(295, 45, 195, 25, 5, '2024-04-09 16:00:00', 60, 'ENT-295'),
(296, 46, 196, 26, 1, '2024-04-10 08:30:00', 35, 'ENT-296'),
(297, 47, 197, 27, 2, '2024-04-10 10:20:00', 12, 'ENT-297'),
(298, 48, 198, 28, 3, '2024-04-10 14:45:00', 25, 'ENT-298'),
(299, 49, 199, 29, 4, '2024-04-11 09:15:00', 90, 'ENT-299'),
(300, 50, 200, 30, 5, '2024-04-11 11:30:00', 50, 'ENT-300'),
(301, 1, 1, 1, 1, '2024-04-15 09:00:00', 80, 'ENT-301'),
(302, 2, 2, 2, 2, '2024-04-15 10:30:00', 50, 'ENT-302'),
(303, 3, 3, 3, 3, '2024-04-16 08:45:00', 25, 'ENT-303'),
(304, 4, 4, 4, 4, '2024-04-16 11:00:00', 40, 'ENT-304'),
(305, 5, 5, 5, 5, '2024-04-17 14:15:00', 60, 'ENT-305'),
(306, 6, 6, 6, 1, '2024-04-17 16:00:00', 30, 'ENT-306'),
(307, 7, 7, 7, 2, '2024-04-18 09:20:00', 45, 'ENT-307'),
(308, 8, 8, 8, 3, '2024-04-18 11:45:00', 20, 'ENT-308'),
(309, 9, 9, 9, 4, '2024-04-19 08:30:00', 55, 'ENT-309'),
(310, 10, 10, 10, 5, '2024-04-19 10:00:00', 15, 'ENT-310'),
(311, 11, 11, 11, 1, '2024-04-22 09:15:00', 70, 'ENT-311'),
(312, 12, 12, 12, 2, '2024-04-22 11:30:00', 40, 'ENT-312'),
(313, 13, 13, 13, 3, '2024-04-23 14:00:00', 30, 'ENT-313'),
(314, 14, 14, 14, 4, '2024-04-23 16:15:00', 20, 'ENT-314'),
(315, 15, 15, 15, 5, '2024-04-24 08:50:00', 50, 'ENT-315'),
(316, 16, 16, 16, 1, '2024-04-24 10:20:00', 35, 'ENT-316'),
(317, 17, 17, 17, 2, '2024-04-25 09:40:00', 45, 'ENT-317'),
(318, 18, 18, 18, 3, '2024-04-25 11:55:00', 25, 'ENT-318'),
(319, 19, 19, 19, 4, '2024-04-26 14:30:00', 60, 'ENT-319'),
(320, 20, 20, 20, 5, '2024-04-26 16:45:00', 30, 'ENT-320'),
(321, 21, 21, 21, 1, '2024-04-29 08:10:00', 20, 'ENT-321'),
(322, 22, 22, 22, 2, '2024-04-29 10:00:00', 40, 'ENT-322'),
(323, 23, 23, 23, 3, '2024-04-30 11:20:00', 55, 'ENT-323'),
(324, 24, 24, 24, 4, '2024-04-30 13:40:00', 15, 'ENT-324'),
(325, 25, 25, 25, 5, '2024-05-02 09:00:00', 30, 'ENT-325'),
(326, 1, 26, 26, 1, '2024-05-06 10:45:00', 100, 'ENT-326'),
(327, 2, 27, 27, 2, '2024-05-06 14:20:00', 60, 'ENT-327'),
(328, 3, 28, 28, 3, '2024-05-07 16:00:00', 40, 'ENT-328'),
(329, 4, 29, 29, 4, '2024-05-07 09:30:00', 25, 'ENT-329'),
(330, 5, 30, 30, 5, '2024-05-08 11:45:00', 80, 'ENT-330'),
(331, 6, 31, 1, 1, '2024-05-08 16:20:00', 50, 'ENT-331'),
(332, 7, 32, 2, 2, '2024-05-09 08:15:00', 35, 'ENT-332'),
(333, 8, 33, 3, 3, '2024-05-09 10:30:00', 20, 'ENT-333'),
(334, 9, 34, 4, 4, '2024-05-10 14:10:00', 45, 'ENT-334'),
(335, 10, 35, 5, 5, '2024-05-10 09:00:00', 30, 'ENT-335'),
(336, 26, 36, 6, 1, '2024-05-13 11:45:00', 25, 'ENT-336'),
(337, 27, 37, 7, 2, '2024-05-13 16:00:00', 40, 'ENT-337'),
(338, 28, 38, 8, 3, '2024-05-14 08:30:00', 15, 'ENT-338'),
(339, 29, 39, 9, 4, '2024-05-14 10:20:00', 60, 'ENT-339'),
(340, 30, 40, 10, 5, '2024-05-15 14:45:00', 20, 'ENT-340'),
(341, 31, 41, 11, 1, '2024-05-15 09:15:00', 35, 'ENT-341'),
(342, 32, 42, 12, 2, '2024-05-16 11:30:00', 50, 'ENT-342'),
(343, 33, 43, 13, 3, '2024-05-16 14:40:00', 25, 'ENT-343'),
(344, 34, 44, 14, 4, '2024-05-17 08:15:00', 40, 'ENT-344'),
(345, 35, 45, 15, 5, '2024-05-17 11:10:00', 70, 'ENT-345'),
(346, 36, 46, 16, 1, '2024-05-20 16:00:00', 30, 'ENT-346'),
(347, 37, 47, 17, 2, '2024-05-20 09:20:00', 45, 'ENT-347'),
(348, 38, 48, 18, 3, '2024-05-21 11:45:00', 20, 'ENT-348'),
(349, 39, 49, 19, 4, '2024-05-21 14:30:00', 55, 'ENT-349'),
(350, 40, 50, 20, 5, '2024-05-22 10:00:00', 30, 'ENT-350'),
(351, 1, 51, 21, 1, '2024-06-03 09:00:00', 120, 'ENT-351'),
(352, 2, 52, 22, 2, '2024-06-03 10:30:00', 80, 'ENT-352'),
(353, 3, 53, 23, 3, '2024-06-04 08:45:00', 35, 'ENT-353'),
(354, 4, 54, 24, 4, '2024-06-04 11:00:00', 50, 'ENT-354'),
(355, 5, 55, 25, 5, '2024-06-05 14:15:00', 90, 'ENT-355'),
(356, 6, 56, 26, 1, '2024-06-05 16:00:00', 40, 'ENT-356'),
(357, 7, 57, 27, 2, '2024-06-06 09:20:00', 60, 'ENT-357'),
(358, 8, 58, 28, 3, '2024-06-06 11:45:00', 25, 'ENT-358'),
(359, 9, 59, 29, 4, '2024-06-07 08:30:00', 30, 'ENT-359'),
(360, 10, 60, 30, 5, '2024-06-07 10:00:00', 45, 'ENT-360'),
(361, 41, 61, 1, 1, '2024-07-01 09:15:00', 60, 'ENT-361'),
(362, 42, 62, 2, 2, '2024-07-01 11:30:00', 40, 'ENT-362'),
(363, 43, 63, 3, 3, '2024-07-02 14:00:00', 25, 'ENT-363'),
(364, 44, 64, 4, 4, '2024-07-02 16:15:00', 55, 'ENT-364'),
(365, 45, 65, 5, 5, '2024-07-03 08:50:00', 80, 'ENT-365'),
(366, 46, 66, 6, 1, '2024-07-03 10:20:00', 35, 'ENT-366'),
(367, 47, 67, 7, 2, '2024-07-04 09:40:00', 20, 'ENT-367'),
(368, 48, 68, 8, 3, '2024-07-04 11:55:00', 50, 'ENT-368'),
(369, 49, 69, 9, 4, '2024-07-05 14:30:00', 30, 'ENT-369'),
(370, 50, 70, 10, 5, '2024-07-05 16:45:00', 15, 'ENT-370'),
(371, 1, 71, 11, 1, '2024-08-05 08:10:00', 90, 'ENT-371'),
(372, 2, 72, 12, 2, '2024-08-05 10:00:00', 60, 'ENT-372'),
(373, 3, 73, 13, 3, '2024-08-06 11:20:00', 30, 'ENT-373'),
(374, 5, 74, 15, 5, '2024-08-06 09:00:00', 100, 'ENT-374'),
(375, 8, 75, 18, 3, '2024-08-07 10:45:00', 40, 'ENT-375'),
(376, 12, 76, 12, 2, '2024-08-07 14:20:00', 70, 'ENT-376'),
(377, 26, 77, 26, 1, '2024-08-12 16:00:00', 25, 'ENT-377'),
(378, 27, 78, 27, 2, '2024-08-12 09:30:00', 45, 'ENT-378'),
(379, 36, 79, 16, 1, '2024-08-13 11:45:00', 30, 'ENT-379'),
(380, 46, 80, 16, 1, '2024-08-13 16:20:00', 55, 'ENT-380'),
(381, 4, 1, 4, 4, '2024-09-02 08:15:00', 60, 'ENT-381'),
(382, 6, 2, 6, 1, '2024-09-02 10:30:00', 40, 'ENT-382'),
(383, 11, 3, 11, 1, '2024-09-03 14:10:00', 80, 'ENT-383'),
(384, 18, 4, 18, 3, '2024-09-03 09:00:00', 30, 'ENT-384'),
(385, 22, 5, 22, 2, '2024-09-04 11:45:00', 50, 'ENT-385'),
(386, 28, 6, 28, 3, '2024-09-04 16:00:00', 20, 'ENT-386'),
(387, 32, 7, 2, 2, '2024-09-05 08:30:00', 45, 'ENT-387'),
(388, 38, 8, 8, 3, '2024-09-05 10:20:00', 35, 'ENT-388'),
(389, 42, 9, 2, 2, '2024-09-09 14:45:00', 25, 'ENT-389'),
(390, 48, 10, 8, 3, '2024-09-09 09:15:00', 60, 'ENT-390'),
(391, 2, 11, 2, 2, '2024-10-01 11:30:00', 80, 'ENT-391'),
(392, 5, 12, 5, 5, '2024-10-01 14:40:00', 100, 'ENT-392'),
(393, 9, 13, 9, 4, '2024-10-02 08:15:00', 40, 'ENT-393'),
(394, 13, 14, 13, 3, '2024-10-02 11:10:00', 30, 'ENT-394'),
(395, 19, 15, 19, 4, '2024-10-03 16:00:00', 55, 'ENT-395'),
(396, 23, 16, 23, 3, '2024-10-03 09:20:00', 35, 'ENT-396'),
(397, 29, 17, 29, 4, '2024-10-07 11:45:00', 20, 'ENT-397'),
(398, 35, 18, 25, 5, '2024-10-07 14:30:00', 70, 'ENT-398'),
(399, 43, 19, 3, 3, '2024-11-04 10:00:00', 50, 'ENT-399'),
(400, 50, 20, 10, 5, '2024-11-04 11:50:00', 30, 'ENT-400');
GO

INSERT INTO [saida] (id, id_produto, id_trabalhador, id_armazem, data_hora, tipo_saida, quantidade, identificador_documento) VALUES
(1, 1, 1, 1, '2024-01-03 09:00:00', 'Venda', 5, 'SAI-001'),
(2, 2, 2, 2, '2024-01-03 10:30:00', 'Venda', 2, 'SAI-002'),
(3, 3, 3, 3, '2024-01-04 08:45:00', 'Oficina', 10, 'SAI-003'),
(4, 4, 4, 4, '2024-01-04 11:00:00', 'Venda', 3, 'SAI-004'),
(5, 5, 5, 5, '2024-01-05 14:15:00', 'Venda', 8, 'SAI-005'),
(6, 6, 6, 1, '2024-01-05 16:00:00', 'Venda', 4, 'SAI-006'),
(7, 7, 7, 2, '2024-01-06 09:20:00', 'Venda', 6, 'SAI-007'),
(8, 8, 8, 3, '2024-01-06 11:45:00', 'Venda', 2, 'SAI-008'),
(9, 9, 9, 4, '2024-01-07 08:30:00', 'Venda', 1, 'SAI-009'),
(10, 10, 10, 5, '2024-01-07 10:00:00', 'Venda', 12, 'SAI-010'),
(11, 11, 11, 1, '2024-01-08 09:15:00', 'Venda', 5, 'SAI-011'),
(12, 12, 12, 2, '2024-01-08 11:30:00', 'Oficina', 20, 'SAI-012'),
(13, 13, 13, 3, '2024-01-09 14:00:00', 'Venda', 3, 'SAI-013'),
(14, 14, 14, 4, '2024-01-09 16:15:00', 'Venda', 7, 'SAI-014'),
(15, 15, 15, 5, '2024-01-10 08:50:00', 'Oficina', 2, 'SAI-015'),
(16, 16, 16, 1, '2024-01-10 10:20:00', 'Venda', 10, 'SAI-016'),
(17, 17, 17, 2, '2024-01-11 09:40:00', 'Venda', 4, 'SAI-017'),
(18, 18, 18, 3, '2024-01-11 11:55:00', 'Venda', 6, 'SAI-018'),
(19, 19, 19, 4, '2024-01-12 14:30:00', 'Venda', 9, 'SAI-019'),
(20, 20, 20, 5, '2024-01-12 16:45:00', 'Venda', 3, 'SAI-020'),
(21, 21, 21, 1, '2024-01-13 08:10:00', 'Oficina', 15, 'SAI-021'),
(22, 22, 22, 2, '2024-01-13 10:00:00', 'Venda', 2, 'SAI-022'),
(23, 23, 23, 3, '2024-01-14 11:20:00', 'Venda', 8, 'SAI-023'),
(24, 24, 24, 4, '2024-01-14 13:40:00', 'Venda', 1, 'SAI-024'),
(25, 25, 25, 5, '2024-01-15 09:00:00', 'Venda', 5, 'SAI-025'),
(26, 26, 26, 1, '2024-01-15 10:45:00', 'Venda', 3, 'SAI-026'),
(27, 27, 27, 2, '2024-01-16 14:20:00', 'Venda', 4, 'SAI-027'),
(28, 28, 28, 3, '2024-01-16 16:00:00', 'Venda', 6, 'SAI-028'),
(29, 29, 29, 4, '2024-01-17 08:30:00', 'Venda', 10, 'SAI-029'),
(30, 30, 30, 5, '2024-01-17 10:50:00', 'Oficina', 8, 'SAI-030'),
(31, 31, 31, 1, '2024-01-18 09:25:00', 'Venda', 2, 'SAI-031'),
(32, 32, 32, 2, '2024-01-18 11:40:00', 'Venda', 4, 'SAI-032'),
(33, 33, 33, 3, '2024-01-19 14:10:00', 'Oficina', 3, 'SAI-033'),
(34, 34, 34, 4, '2024-01-19 16:30:00', 'Venda', 7, 'SAI-034'),
(35, 35, 35, 5, '2024-01-20 08:45:00', 'Venda', 12, 'SAI-035'),
(36, 36, 36, 1, '2024-01-20 10:15:00', 'Venda', 5, 'SAI-036'),
(37, 37, 37, 2, '2024-01-21 09:30:00', 'Venda', 1, 'SAI-037'),
(38, 38, 38, 3, '2024-01-21 11:00:00', 'Venda', 9, 'SAI-038'),
(39, 39, 39, 4, '2024-01-22 14:45:00', 'Oficina', 18, 'SAI-039'),
(40, 40, 40, 5, '2024-01-22 16:00:00', 'Venda', 3, 'SAI-040'),
(41, 41, 41, 1, '2024-01-23 08:20:00', 'Venda', 6, 'SAI-041'),
(42, 42, 42, 2, '2024-01-23 10:40:00', 'Venda', 2, 'SAI-042'),
(43, 43, 43, 3, '2024-01-24 09:55:00', 'Venda', 4, 'SAI-043'),
(44, 44, 44, 4, '2024-01-24 11:15:00', 'Venda', 8, 'SAI-044'),
(45, 45, 45, 5, '2024-01-25 14:00:00', 'Venda', 5, 'SAI-045'),
(46, 46, 46, 1, '2024-01-25 16:20:00', 'Venda', 11, 'SAI-046'),
(47, 47, 47, 2, '2024-01-26 08:35:00', 'Venda', 3, 'SAI-047'),
(48, 48, 48, 3, '2024-01-26 10:50:00', 'Oficina', 7, 'SAI-048'),
(49, 49, 49, 4, '2024-01-27 09:10:00', 'Venda', 2, 'SAI-049'),
(50, 50, 50, 5, '2024-01-27 11:30:00', 'Venda', 6, 'SAI-050'),
(51, 1, 51, 1, '2024-01-28 14:00:00', 'Oficina', 1, 'SAI-051'),
(52, 2, 52, 2, '2024-01-28 16:10:00', 'Venda', 4, 'SAI-052'),
(53, 3, 53, 3, '2024-01-29 08:55:00', 'Venda', 7, 'SAI-053'),
(54, 4, 54, 4, '2024-01-29 10:20:00', 'Venda', 3, 'SAI-054'),
(55, 5, 55, 5, '2024-01-30 09:45:00', 'Venda', 5, 'SAI-055'),
(56, 6, 56, 1, '2024-01-30 11:00:00', 'Venda', 9, 'SAI-056'),
(57, 7, 57, 2, '2024-01-31 14:30:00', 'Oficina', 12, 'SAI-057'),
(58, 8, 58, 3, '2024-01-31 16:00:00', 'Venda', 2, 'SAI-058'),
(59, 9, 59, 4, '2024-02-01 08:15:00', 'Venda', 8, 'SAI-059'),
(60, 10, 60, 5, '2024-02-01 10:30:00', 'Venda', 1, 'SAI-060'),
(61, 11, 61, 1, '2024-02-02 09:00:00', 'Venda', 4, 'SAI-061'),
(62, 12, 62, 2, '2024-02-02 11:20:00', 'Venda', 6, 'SAI-062'),
(63, 13, 63, 3, '2024-02-03 14:45:00', 'Venda', 3, 'SAI-063'),
(64, 14, 64, 4, '2024-02-03 16:15:00', 'Venda', 10, 'SAI-064'),
(65, 15, 65, 5, '2024-02-04 08:40:00', 'Venda', 5, 'SAI-065'),
(66, 16, 66, 1, '2024-02-04 10:55:00', 'Oficina', 14, 'SAI-066'),
(67, 17, 67, 2, '2024-02-05 09:20:00', 'Venda', 2, 'SAI-067'),
(68, 18, 68, 3, '2024-02-05 11:35:00', 'Venda', 7, 'SAI-068'),
(69, 19, 69, 4, '2024-02-06 14:00:00', 'Oficina', 2, 'SAI-069'),
(70, 20, 70, 5, '2024-02-06 16:20:00', 'Venda', 3, 'SAI-070'),
(71, 21, 71, 1, '2024-02-07 08:30:00', 'Venda', 9, 'SAI-071'),
(72, 22, 72, 2, '2024-02-07 10:00:00', 'Venda', 4, 'SAI-072'),
(73, 23, 73, 3, '2024-02-08 09:45:00', 'Venda', 6, 'SAI-073'),
(74, 24, 74, 4, '2024-02-08 11:10:00', 'Venda', 1, 'SAI-074'),
(75, 25, 75, 5, '2024-02-09 14:30:00', 'Oficina', 10, 'SAI-075'),
(76, 26, 76, 1, '2024-02-09 16:00:00', 'Venda', 4, 'SAI-076'),
(77, 27, 77, 2, '2024-02-10 08:50:00', 'Venda', 8, 'SAI-077'),
(78, 28, 78, 3, '2024-02-10 10:15:00', 'Venda', 2, 'SAI-078'),
(79, 29, 79, 4, '2024-02-11 09:30:00', 'Venda', 5, 'SAI-079'),
(80, 30, 80, 5, '2024-02-11 11:45:00', 'Venda', 11, 'SAI-080'),
(81, 31, 81, 1, '2024-02-12 14:20:00', 'Venda', 3, 'SAI-081'),
(82, 32, 82, 2, '2024-02-12 16:35:00', 'Venda', 7, 'SAI-082'),
(83, 33, 83, 3, '2024-02-13 08:45:00', 'Venda', 2, 'SAI-083'),
(84, 34, 84, 4, '2024-02-13 10:00:00', 'Oficina', 16, 'SAI-084'),
(85, 35, 85, 5, '2024-02-14 09:15:00', 'Venda', 4, 'SAI-085'),
(86, 36, 86, 1, '2024-02-14 11:30:00', 'Venda', 6, 'SAI-086'),
(87, 37, 87, 2, '2024-02-15 14:00:00', 'Oficina', 1, 'SAI-087'),
(88, 38, 88, 3, '2024-02-15 16:15:00', 'Venda', 8, 'SAI-088'),
(89, 39, 89, 4, '2024-02-16 08:30:00', 'Venda', 3, 'SAI-089'),
(90, 40, 90, 5, '2024-02-16 10:45:00', 'Venda', 5, 'SAI-090'),
(91, 41, 91, 1, '2024-02-17 09:00:00', 'Venda', 9, 'SAI-091'),
(92, 42, 92, 2, '2024-02-17 11:20:00', 'Venda', 2, 'SAI-092'),
(93, 43, 93, 3, '2024-02-18 14:40:00', 'Oficina', 13, 'SAI-093'),
(94, 44, 94, 4, '2024-02-18 16:00:00', 'Venda', 4, 'SAI-094'),
(95, 45, 95, 5, '2024-02-19 08:20:00', 'Venda', 7, 'SAI-095'),
(96, 46, 96, 1, '2024-02-19 10:35:00', 'Venda', 1, 'SAI-096'),
(97, 47, 97, 2, '2024-02-20 09:50:00', 'Venda', 5, 'SAI-097'),
(98, 48, 98, 3, '2024-02-20 11:05:00', 'Venda', 3, 'SAI-098'),
(99, 49, 99, 4, '2024-02-21 14:20:00', 'Venda', 6, 'SAI-099'),
(100, 50, 100, 5, '2024-02-21 16:30:00', 'Venda', 10, 'SAI-100'),
(101, 1, 101, 1, '2024-02-22 08:15:00', 'Venda', 4, 'SAI-101'),
(102, 2, 102, 2, '2024-02-22 10:30:00', 'Venda', 7, 'SAI-102'),
(103, 3, 103, 3, '2024-02-23 09:45:00', 'Oficina', 11, 'SAI-103'),
(104, 4, 104, 4, '2024-02-23 11:00:00', 'Venda', 2, 'SAI-104'),
(105, 5, 105, 5, '2024-02-24 14:15:00', 'Venda', 6, 'SAI-105'),
(106, 6, 106, 1, '2024-02-24 16:30:00', 'Venda', 3, 'SAI-106'),
(107, 7, 107, 2, '2024-02-25 08:40:00', 'Venda', 8, 'SAI-107'),
(108, 8, 108, 3, '2024-02-25 10:55:00', 'Venda', 1, 'SAI-108'),
(109, 9, 109, 4, '2024-02-26 09:10:00', 'Oficina', 2, 'SAI-109'),
(110, 10, 110, 5, '2024-02-26 11:25:00', 'Venda', 9, 'SAI-110'),
(111, 11, 111, 1, '2024-02-27 14:40:00', 'Venda', 5, 'SAI-111'),
(112, 12, 112, 2, '2024-02-27 16:00:00', 'Oficina', 20, 'SAI-112'),
(113, 13, 113, 3, '2024-02-28 08:30:00', 'Venda', 3, 'SAI-113'),
(114, 14, 114, 4, '2024-02-28 10:15:00', 'Venda', 7, 'SAI-114'),
(115, 15, 115, 5, '2024-02-29 09:00:00', 'Venda', 1, 'SAI-115'),
(116, 16, 116, 1, '2024-02-29 11:20:00', 'Venda', 12, 'SAI-116'),
(117, 17, 117, 2, '2024-03-01 14:35:00', 'Venda', 4, 'SAI-117'),
(118, 18, 118, 3, '2024-03-01 16:50:00', 'Venda', 5, 'SAI-118'),
(119, 19, 119, 4, '2024-03-02 08:20:00', 'Venda', 8, 'SAI-119'),
(120, 20, 120, 5, '2024-03-02 10:40:00', 'Venda', 2, 'SAI-120'),
(121, 21, 121, 1, '2024-03-03 09:55:00', 'Oficina', 15, 'SAI-121'),
(122, 22, 122, 2, '2024-03-03 11:10:00', 'Venda', 6, 'SAI-122'),
(123, 23, 123, 3, '2024-03-04 14:25:00', 'Venda', 3, 'SAI-123'),
(124, 24, 124, 4, '2024-03-04 16:40:00', 'Oficina', 2, 'SAI-124'),
(125, 25, 125, 5, '2024-03-05 08:50:00', 'Venda', 9, 'SAI-125'),
(126, 26, 126, 1, '2024-03-05 10:05:00', 'Venda', 4, 'SAI-126'),
(127, 27, 127, 2, '2024-03-06 09:20:00', 'Venda', 7, 'SAI-127'),
(128, 28, 128, 3, '2024-03-06 11:35:00', 'Venda', 5, 'SAI-128'),
(129, 29, 129, 4, '2024-03-07 14:00:00', 'Venda', 11, 'SAI-129'),
(130, 30, 130, 5, '2024-03-07 16:15:00', 'Oficina', 9, 'SAI-130'),
(131, 31, 131, 1, '2024-03-08 08:30:00', 'Venda', 2, 'SAI-131'),
(132, 32, 132, 2, '2024-03-08 10:45:00', 'Venda', 6, 'SAI-132'),
(133, 33, 133, 3, '2024-03-09 09:00:00', 'Venda', 1, 'SAI-133'),
(134, 34, 134, 4, '2024-03-09 11:20:00', 'Venda', 8, 'SAI-134'),
(135, 35, 135, 5, '2024-03-10 14:35:00', 'Venda', 4, 'SAI-135'),
(136, 36, 136, 1, '2024-03-10 16:00:00', 'Venda', 3, 'SAI-136'),
(137, 37, 137, 2, '2024-03-11 08:15:00', 'Venda', 10, 'SAI-137'),
(138, 38, 138, 3, '2024-03-11 10:30:00', 'Venda', 1, 'SAI-138'),
(139, 39, 139, 4, '2024-03-12 09:45:00', 'Oficina', 14, 'SAI-139'),
(140, 40, 140, 5, '2024-03-12 11:00:00', 'Venda', 5, 'SAI-140'),
(141, 41, 141, 1, '2024-03-13 14:20:00', 'Venda', 7, 'SAI-141'),
(142, 42, 142, 2, '2024-03-13 16:35:00', 'Oficina', 2, 'SAI-142'),
(143, 43, 143, 3, '2024-03-14 08:50:00', 'Venda', 4, 'SAI-143'),
(144, 44, 144, 4, '2024-03-14 10:05:00', 'Venda', 9, 'SAI-144'),
(145, 45, 145, 5, '2024-03-15 09:20:00', 'Venda', 6, 'SAI-145'),
(146, 46, 146, 1, '2024-03-15 11:35:00', 'Venda', 3, 'SAI-146'),
(147, 47, 147, 2, '2024-03-16 14:50:00', 'Venda', 8, 'SAI-147'),
(148, 48, 148, 3, '2024-03-16 16:10:00', 'Venda', 1, 'SAI-148'),
(149, 49, 149, 4, '2024-03-17 08:25:00', 'Venda', 5, 'SAI-149'),
(150, 50, 150, 5, '2024-03-17 10:40:00', 'Venda', 12, 'SAI-150'),
(151, 1, 151, 1, '2024-03-18 09:55:00', 'Oficina', 10, 'SAI-151'),
(152, 2, 152, 2, '2024-03-18 11:10:00', 'Venda', 3, 'SAI-152'),
(153, 3, 153, 3, '2024-03-19 14:25:00', 'Venda', 6, 'SAI-153'),
(154, 4, 154, 4, '2024-03-19 16:40:00', 'Venda', 4, 'SAI-154'),
(155, 5, 155, 5, '2024-03-20 08:00:00', 'Venda', 2, 'SAI-155'),
(156, 6, 156, 1, '2024-03-20 10:15:00', 'Venda', 7, 'SAI-156'),
(157, 7, 157, 2, '2024-03-21 09:30:00', 'Oficina', 1, 'SAI-157'),
(158, 8, 158, 3, '2024-03-21 11:45:00', 'Venda', 9, 'SAI-158'),
(159, 9, 159, 4, '2024-03-22 14:00:00', 'Venda', 5, 'SAI-159'),
(160, 10, 160, 5, '2024-03-22 16:15:00', 'Oficina', 17, 'SAI-160'),
(161, 11, 161, 1, '2024-03-23 08:30:00', 'Venda', 3, 'SAI-161'),
(162, 12, 162, 2, '2024-03-23 10:45:00', 'Venda', 8, 'SAI-162'),
(163, 13, 163, 3, '2024-03-24 09:00:00', 'Venda', 2, 'SAI-163'),
(164, 14, 164, 4, '2024-03-24 11:20:00', 'Venda', 4, 'SAI-164'),
(165, 15, 165, 5, '2024-03-25 14:35:00', 'Venda', 6, 'SAI-165'),
(166, 16, 166, 1, '2024-03-25 16:50:00', 'Venda', 5, 'SAI-166'),
(167, 17, 167, 2, '2024-03-26 08:10:00', 'Venda', 11, 'SAI-167'),
(168, 18, 168, 3, '2024-03-26 10:25:00', 'Venda', 2, 'SAI-168'),
(169, 19, 169, 4, '2024-03-27 09:40:00', 'Oficina', 13, 'SAI-169'),
(170, 20, 170, 5, '2024-03-27 11:55:00', 'Venda', 7, 'SAI-170'),
(171, 21, 171, 1, '2024-03-28 14:10:00', 'Venda', 1, 'SAI-171'),
(172, 22, 172, 2, '2024-03-28 16:25:00', 'Oficina', 3, 'SAI-172'),
(173, 23, 173, 3, '2024-03-29 08:40:00', 'Venda', 5, 'SAI-173'),
(174, 24, 174, 4, '2024-03-29 10:00:00', 'Venda', 8, 'SAI-174'),
(175, 25, 175, 5, '2024-03-30 09:15:00', 'Venda', 4, 'SAI-175'),
(176, 26, 176, 1, '2024-03-30 11:30:00', 'Venda', 6, 'SAI-176'),
(177, 27, 177, 2, '2024-03-31 14:45:00', 'Venda', 3, 'SAI-177'),
(178, 28, 178, 3, '2024-03-31 16:00:00', 'Venda', 1, 'SAI-178'),
(179, 29, 179, 4, '2024-04-01 08:15:00', 'Venda', 9, 'SAI-179'),
(180, 30, 180, 5, '2024-04-01 10:30:00', 'Venda', 4, 'SAI-180'),
(181, 31, 181, 1, '2024-04-02 09:45:00', 'Oficina', 12, 'SAI-181'),
(182, 32, 182, 2, '2024-04-02 11:00:00', 'Venda', 2, 'SAI-182'),
(183, 33, 183, 3, '2024-04-03 14:20:00', 'Venda', 7, 'SAI-183'),
(184, 34, 184, 4, '2024-04-03 16:35:00', 'Venda', 5, 'SAI-184'),
(185, 35, 185, 5, '2024-04-04 08:50:00', 'Venda', 3, 'SAI-185'),
(186, 36, 186, 1, '2024-04-04 10:05:00', 'Venda', 10, 'SAI-186'),
(187, 37, 187, 2, '2024-04-05 09:20:00', 'Oficina', 2, 'SAI-187'),
(188, 38, 188, 3, '2024-04-05 11:35:00', 'Venda', 6, 'SAI-188'),
(189, 39, 189, 4, '2024-04-06 14:50:00', 'Venda', 4, 'SAI-189'),
(190, 40, 190, 5, '2024-04-06 16:10:00', 'Oficina', 8, 'SAI-190'),
(191, 41, 191, 1, '2024-04-07 08:25:00', 'Venda', 1, 'SAI-191'),
(192, 42, 192, 2, '2024-04-07 10:40:00', 'Venda', 9, 'SAI-192'),
(193, 43, 193, 3, '2024-04-08 09:55:00', 'Venda', 2, 'SAI-193'),
(194, 44, 194, 4, '2024-04-08 11:15:00', 'Venda', 5, 'SAI-194'),
(195, 45, 195, 5, '2024-04-09 14:30:00', 'Venda', 11, 'SAI-195'),
(196, 46, 196, 1, '2024-04-09 16:45:00', 'Venda', 3, 'SAI-196'),
(197, 47, 197, 2, '2024-04-10 08:00:00', 'Venda', 7, 'SAI-197'),
(198, 48, 198, 3, '2024-04-10 10:20:00', 'Venda', 2, 'SAI-198'),
(199, 49, 199, 4, '2024-04-11 09:35:00', 'Oficina', 16, 'SAI-199'),
(200, 50, 200, 5, '2024-04-11 11:50:00', 'Venda', 4, 'SAI-200'),
(201, 1, 1, 1, '2024-04-12 08:10:00', 'Venda', 6, 'SAI-201'),
(202, 2, 2, 2, '2024-04-12 10:25:00', 'Venda', 3, 'SAI-202'),
(203, 3, 3, 3, '2024-04-13 09:40:00', 'Venda', 5, 'SAI-203'),
(204, 4, 4, 4, '2024-04-13 11:55:00', 'Venda', 8, 'SAI-204'),
(205, 5, 5, 5, '2024-04-14 14:10:00', 'Venda', 2, 'SAI-205'),
(206, 6, 6, 1, '2024-04-14 16:25:00', 'Oficina', 10, 'SAI-206'),
(207, 7, 7, 2, '2024-04-15 08:40:00', 'Venda', 4, 'SAI-207'),
(208, 8, 8, 3, '2024-04-15 10:00:00', 'Venda', 9, 'SAI-208'),
(209, 9, 9, 4, '2024-04-16 09:15:00', 'Oficina', 1, 'SAI-209'),
(210, 10, 10, 5, '2024-04-16 11:30:00', 'Venda', 7, 'SAI-210'),
(211, 11, 11, 1, '2024-04-17 14:45:00', 'Venda', 3, 'SAI-211'),
(212, 12, 12, 2, '2024-04-17 16:00:00', 'Venda', 2, 'SAI-212'),
(213, 13, 13, 3, '2024-04-18 08:15:00', 'Venda', 5, 'SAI-213'),
(214, 14, 14, 4, '2024-04-18 10:30:00', 'Venda', 11, 'SAI-214'),
(215, 15, 15, 5, '2024-04-19 09:45:00', 'Venda', 4, 'SAI-215'),
(216, 16, 16, 1, '2024-04-19 11:00:00', 'Venda', 6, 'SAI-216'),
(217, 17, 17, 2, '2024-04-20 14:20:00', 'Venda', 2, 'SAI-217'),
(218, 18, 18, 3, '2024-04-20 16:35:00', 'Oficina', 13, 'SAI-218'),
(219, 19, 19, 4, '2024-04-21 08:50:00', 'Venda', 8, 'SAI-219'),
(220, 20, 20, 5, '2024-04-21 10:05:00', 'Venda', 1, 'SAI-220'),
(221, 21, 21, 1, '2024-04-22 09:20:00', 'Venda', 5, 'SAI-221'),
(222, 22, 22, 2, '2024-04-22 11:35:00', 'Oficina', 3, 'SAI-222'),
(223, 23, 23, 3, '2024-04-23 14:50:00', 'Venda', 7, 'SAI-223'),
(224, 24, 24, 4, '2024-04-23 16:10:00', 'Venda', 4, 'SAI-224'),
(225, 25, 25, 5, '2024-04-24 08:25:00', 'Venda', 6, 'SAI-225'),
(226, 26, 26, 1, '2024-04-24 10:40:00', 'Venda', 9, 'SAI-226'),
(227, 27, 27, 2, '2024-04-25 09:55:00', 'Venda', 2, 'SAI-227'),
(228, 28, 28, 3, '2024-04-25 11:15:00', 'Oficina', 11, 'SAI-228'),
(229, 29, 29, 4, '2024-04-26 14:30:00', 'Venda', 5, 'SAI-229'),
(230, 30, 30, 5, '2024-04-26 16:45:00', 'Venda', 3, 'SAI-230'),
(231, 31, 31, 1, '2024-04-27 08:00:00', 'Venda', 1, 'SAI-231'),
(232, 32, 32, 2, '2024-04-27 10:15:00', 'Venda', 8, 'SAI-232'),
(233, 33, 33, 3, '2024-04-28 09:30:00', 'Venda', 4, 'SAI-233'),
(234, 34, 34, 4, '2024-04-28 11:45:00', 'Venda', 7, 'SAI-234'),
(235, 35, 35, 5, '2024-04-29 14:00:00', 'Venda', 2, 'SAI-235'),
(236, 36, 36, 1, '2024-04-29 16:20:00', 'Venda', 10, 'SAI-236'),
(237, 37, 37, 2, '2024-04-30 08:35:00', 'Oficina', 15, 'SAI-237'),
(238, 38, 38, 3, '2024-04-30 10:50:00', 'Venda', 6, 'SAI-238'),
(239, 39, 39, 4, '2024-05-01 09:05:00', 'Venda', 3, 'SAI-239'),
(240, 40, 40, 5, '2024-05-01 11:20:00', 'Oficina', 2, 'SAI-240'),
(241, 41, 41, 1, '2024-05-02 14:35:00', 'Venda', 7, 'SAI-241'),
(242, 42, 42, 2, '2024-05-02 16:50:00', 'Venda', 4, 'SAI-242'),
(243, 43, 43, 3, '2024-05-03 08:10:00', 'Venda', 5, 'SAI-243'),
(244, 44, 44, 4, '2024-05-03 10:25:00', 'Venda', 9, 'SAI-244'),
(245, 45, 45, 5, '2024-05-04 09:40:00', 'Venda', 1, 'SAI-245'),
(246, 46, 46, 1, '2024-05-04 11:55:00', 'Oficina', 12, 'SAI-246'),
(247, 47, 47, 2, '2024-05-05 14:10:00', 'Venda', 6, 'SAI-247'),
(248, 48, 48, 3, '2024-05-05 16:30:00', 'Venda', 3, 'SAI-248'),
(249, 49, 49, 4, '2024-05-06 08:45:00', 'Venda', 2, 'SAI-249'),
(250, 50, 50, 5, '2024-05-06 10:00:00', 'Venda', 8, 'SAI-250'),
(251, 1, 51, 1, '2024-05-07 09:15:00', 'Venda', 4, 'SAI-251'),
(252, 2, 52, 2, '2024-05-07 11:30:00', 'Venda', 5, 'SAI-252'),
(253, 3, 53, 3, '2024-05-08 14:45:00', 'Venda', 11, 'SAI-253'),
(254, 4, 54, 4, '2024-05-08 16:05:00', 'Venda', 2, 'SAI-254'),
(255, 5, 55, 5, '2024-05-09 08:20:00', 'Oficina', 9, 'SAI-255'),
(256, 6, 56, 1, '2024-05-09 10:35:00', 'Venda', 6, 'SAI-256'),
(257, 7, 57, 2, '2024-05-10 09:50:00', 'Venda', 3, 'SAI-257'),
(258, 8, 58, 3, '2024-05-10 11:10:00', 'Oficina', 1, 'SAI-258'),
(259, 9, 59, 4, '2024-05-11 14:25:00', 'Venda', 7, 'SAI-259'),
(260, 10, 60, 5, '2024-05-11 16:40:00', 'Venda', 4, 'SAI-260'),
(261, 11, 61, 1, '2024-05-12 08:55:00', 'Venda', 6, 'SAI-261'),
(262, 12, 62, 2, '2024-05-12 10:15:00', 'Venda', 2, 'SAI-262'),
(263, 13, 63, 3, '2024-05-13 09:30:00', 'Venda', 9, 'SAI-263'),
(264, 14, 64, 4, '2024-05-13 11:45:00', 'Venda', 1, 'SAI-264'),
(265, 15, 65, 5, '2024-05-14 14:00:00', 'Venda', 5, 'SAI-265'),
(266, 16, 66, 1, '2024-05-14 16:20:00', 'Oficina', 14, 'SAI-266'),
(267, 17, 67, 2, '2024-05-15 08:35:00', 'Venda', 3, 'SAI-267'),
(268, 18, 68, 3, '2024-05-15 10:50:00', 'Venda', 8, 'SAI-268'),
(269, 19, 69, 4, '2024-05-16 09:05:00', 'Venda', 4, 'SAI-269'),
(270, 20, 70, 5, '2024-05-16 11:25:00', 'Venda', 7, 'SAI-270'),
(271, 21, 71, 1, '2024-05-17 14:40:00', 'Venda', 2, 'SAI-271'),
(272, 22, 72, 2, '2024-05-17 16:55:00', 'Oficina', 1, 'SAI-272'),
(273, 23, 73, 3, '2024-05-18 08:10:00', 'Venda', 6, 'SAI-273'),
(274, 24, 74, 4, '2024-05-18 10:30:00', 'Venda', 10, 'SAI-274'),
(275, 25, 75, 5, '2024-05-19 09:45:00', 'Oficina', 8, 'SAI-275'),
(276, 26, 76, 1, '2024-05-19 11:00:00', 'Venda', 3, 'SAI-276'),
(277, 27, 77, 2, '2024-05-20 14:15:00', 'Venda', 5, 'SAI-277'),
(278, 28, 78, 3, '2024-05-20 16:30:00', 'Venda', 4, 'SAI-278'),
(279, 29, 79, 4, '2024-05-21 08:45:00', 'Venda', 9, 'SAI-279'),
(280, 30, 80, 5, '2024-05-21 10:05:00', 'Venda', 2, 'SAI-280'),
(281, 31, 181, 1, '2024-05-22 09:20:00', 'Venda', 1, 'SAI-281'),
(282, 32, 182, 2, '2024-05-22 11:35:00', 'Venda', 7, 'SAI-282'),
(283, 33, 183, 3, '2024-05-23 14:50:00', 'Venda', 4, 'SAI-283'),
(284, 34, 184, 4, '2024-05-23 16:10:00', 'Oficina', 11, 'SAI-284'),
(285, 35, 185, 5, '2024-05-24 08:25:00', 'Venda', 6, 'SAI-285'),
(286, 36, 186, 1, '2024-05-24 10:40:00', 'Venda', 3, 'SAI-286'),
(287, 37, 187, 2, '2024-05-25 09:55:00', 'Venda', 5, 'SAI-287'),
(288, 38, 188, 3, '2024-05-25 11:15:00', 'Venda', 8, 'SAI-288'),
(289, 39, 189, 4, '2024-05-26 14:30:00', 'Venda', 1, 'SAI-289'),
(290, 40, 190, 5, '2024-05-26 16:45:00', 'Oficina', 2, 'SAI-290'),
(291, 41, 191, 1, '2024-05-27 08:00:00', 'Venda', 6, 'SAI-291'),
(292, 42, 192, 2, '2024-05-27 10:20:00', 'Venda', 4, 'SAI-292'),
(293, 43, 193, 3, '2024-05-28 09:35:00', 'Oficina', 10, 'SAI-293'),
(294, 44, 194, 4, '2024-05-28 11:50:00', 'Venda', 3, 'SAI-294'),
(295, 45, 195, 5, '2024-05-29 14:05:00', 'Venda', 9, 'SAI-295'),
(296, 46, 196, 1, '2024-05-29 16:25:00', 'Venda', 5, 'SAI-296'),
(297, 47, 197, 2, '2024-05-30 08:40:00', 'Venda', 2, 'SAI-297'),
(298, 48, 198, 3, '2024-05-30 10:55:00', 'Venda', 7, 'SAI-298'),
(299, 49, 199, 4, '2024-05-31 09:10:00', 'Oficina', 1, 'SAI-299'),
(300, 50, 200, 5, '2024-05-31 11:30:00', 'Venda', 12, 'SAI-300'),
(301, 1, 1, 1, '2024-06-01 09:00:00', 'Venda', 8, 'SAI-301'),
(302, 2, 2, 2, '2024-06-01 10:30:00', 'Venda', 4, 'SAI-302'),
(303, 3, 3, 3, '2024-06-02 08:45:00', 'Oficina', 12, 'SAI-303'),
(304, 4, 4, 4, '2024-06-02 11:00:00', 'Venda', 6, 'SAI-304'),
(305, 5, 5, 5, '2024-06-03 14:15:00', 'Venda', 10, 'SAI-305'),
(306, 6, 6, 1, '2024-06-03 16:00:00', 'Venda', 5, 'SAI-306'),
(307, 7, 7, 2, '2024-06-04 09:20:00', 'Venda', 3, 'SAI-307'),
(308, 8, 8, 3, '2024-06-04 11:45:00', 'Oficina', 8, 'SAI-308'),
(309, 9, 9, 4, '2024-06-05 08:30:00', 'Venda', 2, 'SAI-309'),
(310, 10, 10, 5, '2024-06-05 10:00:00', 'Venda', 7, 'SAI-310'),
(311, 11, 11, 1, '2024-06-06 09:15:00', 'Venda', 4, 'SAI-311'),
(312, 12, 12, 2, '2024-06-06 11:30:00', 'Venda', 9, 'SAI-312'),
(313, 13, 13, 3, '2024-06-07 14:00:00', 'Oficina', 15, 'SAI-313'),
(314, 14, 14, 4, '2024-06-07 16:15:00', 'Venda', 3, 'SAI-314'),
(315, 15, 15, 5, '2024-06-10 08:50:00', 'Venda', 6, 'SAI-315'),
(316, 16, 16, 1, '2024-06-10 10:20:00', 'Venda', 11, 'SAI-316'),
(317, 17, 17, 2, '2024-06-11 09:40:00', 'Venda', 5, 'SAI-317'),
(318, 18, 18, 3, '2024-06-11 11:55:00', 'Venda', 2, 'SAI-318'),
(319, 19, 19, 4, '2024-06-12 14:30:00', 'Oficina', 7, 'SAI-319'),
(320, 20, 20, 5, '2024-06-12 16:45:00', 'Venda', 4, 'SAI-320'),
(321, 21, 21, 1, '2024-06-13 08:10:00', 'Venda', 6, 'SAI-321'),
(322, 22, 22, 2, '2024-06-13 10:00:00', 'Venda', 3, 'SAI-322'),
(323, 23, 23, 3, '2024-06-14 11:20:00', 'Venda', 9, 'SAI-323'),
(324, 24, 24, 4, '2024-06-14 13:40:00', 'Venda', 2, 'SAI-324'),
(325, 25, 25, 5, '2024-06-17 09:00:00', 'Venda', 5, 'SAI-325'),
(326, 26, 26, 1, '2024-06-17 10:45:00', 'Oficina', 10, 'SAI-326'),
(327, 27, 27, 2, '2024-06-18 14:20:00', 'Venda', 4, 'SAI-327'),
(328, 28, 28, 3, '2024-06-18 16:00:00', 'Venda', 7, 'SAI-328'),
(329, 29, 29, 4, '2024-06-19 08:30:00', 'Venda', 3, 'SAI-329'),
(330, 30, 30, 5, '2024-06-19 10:50:00', 'Venda', 8, 'SAI-330'),
(331, 31, 31, 1, '2024-07-01 09:25:00', 'Venda', 5, 'SAI-331'),
(332, 32, 32, 2, '2024-07-01 11:40:00', 'Venda', 2, 'SAI-332'),
(333, 33, 33, 3, '2024-07-02 14:10:00', 'Oficina', 11, 'SAI-333'),
(334, 34, 34, 4, '2024-07-02 16:30:00', 'Venda', 6, 'SAI-334'),
(335, 35, 35, 5, '2024-07-03 08:45:00', 'Venda', 4, 'SAI-335'),
(336, 36, 36, 1, '2024-07-03 10:15:00', 'Venda', 9, 'SAI-336'),
(337, 37, 37, 2, '2024-07-04 09:30:00', 'Venda', 3, 'SAI-337'),
(338, 38, 38, 3, '2024-07-04 11:00:00', 'Venda', 7, 'SAI-338'),
(339, 39, 39, 4, '2024-07-05 14:45:00', 'Oficina', 14, 'SAI-339'),
(340, 40, 40, 5, '2024-07-05 16:00:00', 'Venda', 5, 'SAI-340'),
(341, 41, 41, 1, '2024-07-08 08:20:00', 'Venda', 2, 'SAI-341'),
(342, 42, 42, 2, '2024-07-08 10:40:00', 'Venda', 8, 'SAI-342'),
(343, 43, 43, 3, '2024-07-09 09:55:00', 'Venda', 4, 'SAI-343'),
(344, 44, 44, 4, '2024-07-09 11:15:00', 'Venda', 6, 'SAI-344'),
(345, 45, 45, 5, '2024-07-10 14:00:00', 'Venda', 3, 'SAI-345'),
(346, 46, 46, 1, '2024-07-10 16:20:00', 'Oficina', 9, 'SAI-346'),
(347, 47, 47, 2, '2024-07-11 08:35:00', 'Venda', 5, 'SAI-347'),
(348, 48, 48, 3, '2024-07-11 10:50:00', 'Venda', 1, 'SAI-348'),
(349, 49, 49, 4, '2024-07-12 09:10:00', 'Venda', 7, 'SAI-349'),
(350, 50, 50, 5, '2024-07-12 11:30:00', 'Venda', 4, 'SAI-350'),
(351, 1, 51, 1, '2024-08-05 14:00:00', 'Venda', 10, 'SAI-351'),
(352, 2, 52, 2, '2024-08-05 16:10:00', 'Venda', 6, 'SAI-352'),
(353, 3, 53, 3, '2024-08-06 08:55:00', 'Oficina', 13, 'SAI-353'),
(354, 4, 54, 4, '2024-08-06 10:20:00', 'Venda', 3, 'SAI-354'),
(355, 5, 55, 5, '2024-08-07 09:45:00', 'Venda', 8, 'SAI-355'),
(356, 6, 56, 1, '2024-08-07 11:00:00', 'Venda', 5, 'SAI-356'),
(357, 7, 57, 2, '2024-08-08 14:30:00', 'Venda', 2, 'SAI-357'),
(358, 8, 58, 3, '2024-08-08 16:00:00', 'Oficina', 7, 'SAI-358'),
(359, 9, 59, 4, '2024-08-09 08:15:00', 'Venda', 4, 'SAI-359'),
(360, 10, 60, 5, '2024-08-09 10:30:00', 'Venda', 9, 'SAI-360'),
(361, 26, 61, 1, '2024-09-02 09:00:00', 'Venda', 3, 'SAI-361'),
(362, 27, 62, 2, '2024-09-02 11:20:00', 'Venda', 6, 'SAI-362'),
(363, 28, 63, 3, '2024-09-03 14:45:00', 'Venda', 4, 'SAI-363'),
(364, 29, 64, 4, '2024-09-03 16:15:00', 'Venda', 2, 'SAI-364'),
(365, 30, 65, 5, '2024-09-04 08:40:00', 'Oficina', 10, 'SAI-365'),
(366, 36, 66, 1, '2024-09-04 10:55:00', 'Venda', 5, 'SAI-366'),
(367, 37, 67, 2, '2024-09-05 09:20:00', 'Venda', 8, 'SAI-367'),
(368, 38, 68, 3, '2024-09-05 11:35:00', 'Venda', 3, 'SAI-368'),
(369, 46, 69, 4, '2024-09-06 14:00:00', 'Venda', 7, 'SAI-369'),
(370, 47, 70, 5, '2024-09-06 16:20:00', 'Venda', 1, 'SAI-370'),
(371, 11, 71, 1, '2024-09-09 08:30:00', 'Venda', 5, 'SAI-371'),
(372, 12, 72, 2, '2024-09-09 10:00:00', 'Oficina', 18, 'SAI-372'),
(373, 22, 73, 3, '2024-09-10 09:45:00', 'Venda', 4, 'SAI-373'),
(374, 32, 74, 4, '2024-09-10 11:10:00', 'Venda', 6, 'SAI-374'),
(375, 42, 75, 5, '2024-09-11 14:30:00', 'Venda', 2, 'SAI-375'),
(376, 1, 76, 1, '2024-10-01 09:00:00', 'Venda', 12, 'SAI-376'),
(377, 5, 77, 2, '2024-10-01 10:15:00', 'Venda', 8, 'SAI-377'),
(378, 8, 78, 3, '2024-10-02 11:30:00', 'Oficina', 16, 'SAI-378'),
(379, 13, 79, 4, '2024-10-02 14:00:00', 'Venda', 5, 'SAI-379'),
(380, 18, 80, 5, '2024-10-03 16:15:00', 'Venda', 3, 'SAI-380'),
(381, 23, 81, 1, '2024-10-07 08:45:00', 'Venda', 9, 'SAI-381'),
(382, 26, 82, 2, '2024-10-07 10:30:00', 'Venda', 4, 'SAI-382'),
(383, 33, 83, 3, '2024-10-08 09:15:00', 'Oficina', 12, 'SAI-383'),
(384, 38, 84, 4, '2024-10-08 11:50:00', 'Venda', 6, 'SAI-384'),
(385, 43, 85, 5, '2024-10-09 14:20:00', 'Venda', 2, 'SAI-385'),
(386, 48, 86, 1, '2024-10-09 16:35:00', 'Venda', 7, 'SAI-386'),
(387, 2, 87, 2, '2024-10-14 08:50:00', 'Venda', 5, 'SAI-387'),
(388, 9, 88, 3, '2024-10-14 10:05:00', 'Oficina', 8, 'SAI-388'),
(389, 14, 89, 4, '2024-10-15 09:20:00', 'Venda', 3, 'SAI-389'),
(390, 19, 90, 5, '2024-10-15 11:35:00', 'Venda', 10, 'SAI-390'),
(391, 24, 91, 1, '2024-11-04 14:50:00', 'Venda', 4, 'SAI-391'),
(392, 29, 92, 2, '2024-11-04 16:10:00', 'Venda', 6, 'SAI-392'),
(393, 34, 93, 3, '2024-11-05 08:25:00', 'Oficina', 11, 'SAI-393'),
(394, 39, 94, 4, '2024-11-05 10:40:00', 'Venda', 3, 'SAI-394'),
(395, 44, 95, 5, '2024-11-06 09:55:00', 'Venda', 7, 'SAI-395'),
(396, 49, 96, 1, '2024-11-06 11:15:00', 'Venda', 2, 'SAI-396'),
(397, 3, 97, 2, '2024-11-11 14:30:00', 'Venda', 5, 'SAI-397'),
(398, 7, 98, 3, '2024-11-11 16:45:00', 'Oficina', 9, 'SAI-398'),
(399, 15, 99, 4, '2024-11-12 08:00:00', 'Venda', 4, 'SAI-399'),
(400, 50, 100, 5, '2024-11-12 10:20:00', 'Venda', 8, 'SAI-400');
GO

